Date,Open,High,Low,Close,Volume,Dividends,Stock Splits
2019-07-29,65.85643202515514,66.45094525395913,64.95507491084416,66.08656311035156,84400,0.0,0
2019-07-30,65.86602355185626,67.97557436939391,65.86602355185626,67.51531219482422,91400,0.0,0
2019-07-31,67.5249022380705,68.63721601137988,66.3071174980028,66.43177032470703,195400,0.0,0
2019-08-01,66.6618864529632,67.31393054560527,65.76053676293917,66.2591552734375,86300,0.0,0
2019-08-02,66.09615848130723,66.46053333366726,65.14686128980622,65.2811050415039,102000,0.0,0
2019-08-05,64.58111824983506,64.73454387206522,61.714044604970006,62.57704544067383,114200,0.0,0
2019-08-06,61.1866543936876,65.1180980178882,60.851041345230705,64.2455062866211,123000,0.0,0
2019-08-07,63.49756196252373,64.49480632008095,62.903048792902716,63.33455276489258,107000,0.0,0
2019-08-08,63.689353223340625,65.7221988644693,63.689353223340625,65.54959869384766,101400,0.0,0
2019-08-09,65.35780733256506,65.35780733256506,64.27425924794585,64.63864135742188,108800,0.0,0
2019-08-12,64.41811025270563,65.10851093455504,63.35374375414388,63.48798751831055,105000,0.0,0
2019-08-13,63.449622869827465,64.88795499826038,63.20031723489534,64.37974548339844,79700,0.0,0
2019-08-14,63.775651437543246,64.2167390985063,62.61539768062692,62.96059799194336,74300,0.0,0
2019-08-15,63.19073789588299,63.65100016458952,62.653755494742896,63.2003288269043,79300,0.0,0
2019-08-16,63.35373761712941,64.05372916167936,62.49073684841569,63.2194938659668,396600,0.0,0
2019-08-19,63.823596918957584,65.14686733087854,63.449631102302476,64.12085723876953,81400,0.0,0
2019-08-20,63.92906442861516,64.37015205297413,62.93181998042894,63.35373306274414,65700,0.0,0
2019-08-21,63.650997157271114,64.08250124400017,63.2099094557104,63.86195373535156,55200,0.0,0
2019-08-22,63.87153654582245,64.02495483672612,63.08524860113522,63.36332702636719,49100,0.0,0
2019-08-23,63.085254556448795,63.47839490803748,60.98528709068227,61.23460006713867,67900,0.0,0
2019-08-26,61.5126804802236,62.318143069595166,61.359258512076416,62.01129913330078,54900,0.0,0
2019-08-27,62.31814149997789,62.63457635886227,61.66609723730841,62.24143600463867,91700,0.0,0
2019-08-28,62.040060059913806,62.80717350226641,61.82911081321601,62.35649490356445,97000,0.0,0
2019-08-29,62.88389321441331,63.50717204029495,62.596223813010475,62.91265869140625,105200,0.0,0
2019-08-30,62.91264740659964,62.91264740659964,61.09075859456446,61.646915435791016,77900,0.0,0
2019-09-03,61.196241430521816,62.1838950543451,60.86063204122303,61.6373291015625,100300,0.0,0
2019-09-04,62.08800047135896,62.14553141261377,61.43595631277552,62.097591400146484,54500,0.0,0
2019-09-05,62.47156715353532,63.28662065334783,62.08801041370109,62.3660888671875,162200,0.0,0
2019-09-06,62.39486084214726,62.7304702810618,61.87706028679178,62.126373291015625,107700,0.0,0
2019-09-09,62.279779637758686,62.279779637758686,61.07158223212112,61.416786193847656,63400,0.0,0
2019-09-10,61.30171776652789,62.19348401020887,59.81544191301555,61.407196044921875,70800,0.0,0
2019-09-11,61.34966045068755,62.48115236382572,61.042816550058426,62.17430114746094,92900,0.0,0
2019-09-12,62.32772842252957,63.948251702550806,61.84828435774087,63.63181686401367,107000,0.0,0
2019-09-13,63.85235867705327,64.68659400487785,63.267443633464495,64.58111572265625,66400,0.0,0
2019-09-16,64.17837805533651,65.2523353146434,63.43044654013906,64.82083129882812,118100,0.0,0
2019-09-17,64.5715293493701,65.43453021220306,64.5715293493701,64.86878967285156,68900,0.0,0
2019-09-18,64.95507365327079,64.95507365327079,61.59896551988035,63.61262893676758,97600,0.0,0
2019-09-19,63.79482924349513,64.87837756554578,63.79482924349513,64.64823913574219,106500,0.0,0
2019-09-20,64.48522116554939,65.54958748305742,64.3893338239893,64.8304214477539,135100,0.0,0
2019-09-23,64.64822935906133,65.67423926063063,64.64822935906133,65.26191711425781,46200,0.0,0
2019-09-24,65.30988391239121,65.54960599184773,64.47564844221712,64.96468353271484,70700,0.0,0
2019-09-25,65.16603275792575,65.68383319678134,64.64823231907017,65.14685821533203,81700,0.0,0
2019-09-26,65.1756332864497,65.8852085186936,64.86878934960882,65.29069519042969,73100,0.0,0
2019-09-27,65.47842475609967,65.95018313348092,64.91038286278673,65.56507110595703,130900,0.275,0
2019-09-30,65.8154150871671,67.76985059174541,65.8154150871671,67.36548614501953,108600,0.0,0
2019-10-01,67.70243926944936,68.64596341684118,67.0670106358192,68.15494537353516,109500,0.0,0
2019-10-02,68.03941765007136,68.65559406009447,67.62542343595561,68.47267150878906,109300,0.0,0
2019-10-03,68.52080281814342,68.5881968803857,67.29807987591875,67.3462142944336,78600,0.0,0
2019-10-04,67.5772931669311,68.43416376930598,67.2306929968241,68.30899810791016,65500,0.0,0
2019-10-07,68.16458855602974,68.46304696173729,67.49064050567355,68.02980041503906,74500,0.0,0
2019-10-08,67.65430691133967,67.65430691133967,65.34364900021372,65.90205383300781,83300,0.0,0
2019-10-09,66.40269221302357,66.68189826194961,66.0849742250662,66.32566833496094,48100,0.0,0
2019-10-10,66.34492777022079,67.1825385689848,66.02720978325452,66.92259216308594,85300,0.0,0
2019-10-11,67.36547925723761,68.71336795391225,67.15366723192271,68.183837890625,80000,0.0,0
2019-10-14,68.08756102534733,69.05033760693786,67.461754778233,68.6459732055664,97400,0.0,0
2019-10-15,68.76150190216768,69.57023805275782,67.76021337283831,67.86611938476562,101300,0.0,0
2019-10-16,67.8564978389121,69.07922088603272,67.8564978389121,68.50155639648438,81200,0.0,0
2019-10-17,68.76149354118573,69.80129388891,68.76149354118573,69.24288177490234,77500,0.0,0
2019-10-18,68.87704663467008,69.71466501574024,68.4245404062323,69.18513488769531,52000,0.0,0
2019-10-21,69.41618957451193,70.50413180510145,69.24288949723056,69.42581939697266,58100,0.0,0
2019-10-22,69.6183624760219,69.87831622992749,68.60745161472617,69.25251007080078,66000,0.0,0
2019-10-23,69.13697952049185,70.37896211219794,69.07921527984568,69.9072036743164,41400,0.0,0
2019-10-24,70.09013634605782,71.27434739872754,69.54135400192746,71.03365325927734,90300,0.0,0
2019-10-25,70.92774612381243,71.93866443160871,70.68705198818493,71.72685241699219,60900,0.0,0
2019-10-28,71.938658369257,72.47781083709893,71.71721655116394,72.26599884033203,52900,0.0,0
2019-10-29,72.55484446974518,73.07474471022135,71.89052627156966,72.75702667236328,82200,0.0,0
2019-10-30,72.65111660697319,74.21081724139536,72.23712240221063,74.15304565429688,67300,0.0,0
2019-10-31,73.91236202614654,74.59593992859635,73.24805111600429,74.54779815673828,84900,0.0,0
2019-11-01,74.80773216705026,74.83662163259524,73.36356739667939,74.2108154296875,110500,0.0,0
2019-11-04,74.42262588173631,75.49130837709637,74.05676611316875,75.13507843017578,85500,0.0,0
2019-11-05,75.25061979507241,76.04009628402,74.17230739866012,75.74163055419922,112400,0.0,0
2019-11-06,74.2493229159978,78.37000497157739,72.68962241324978,75.28911590576172,99200,0.0,0
2019-11-07,74.4033684930533,76.05934528722945,73.36356808572383,74.84624481201172,73300,0.0,0
2019-11-08,74.82700017257788,75.62610653104542,73.76794735837169,74.29747009277344,64000,0.0,0
2019-11-11,74.21083033937578,75.03881889503829,73.13251778317722,73.34432983398438,130800,0.0,0
2019-11-12,73.58501435177496,74.12416688640198,72.63186759365864,73.0362319946289,222300,0.0,0
2019-11-13,72.93032362246934,74.64406470526436,71.83275894370396,74.23970031738281,139400,0.0,0
2019-11-14,74.51890283631151,75.45279721992482,73.86421452014767,73.94123840332031,83900,0.0,0
2019-11-15,74.2685852394147,74.66332716537755,72.56447391456169,72.62223815917969,129000,0.0,0
2019-11-18,72.7281519534164,73.2576747250146,72.15048740921691,72.25639343261719,177600,0.0,0
2019-11-19,72.41042021591942,75.36614379883407,71.99642602405963,75.35651397705078,133700,0.0,0
2019-11-20,75.26987161003889,76.36743629869854,73.70054846459803,74.32634735107422,93100,0.0,0
2019-11-21,72.11196300787907,72.13121530635316,64.1690566968632,66.20051574707031,309700,0.0,0
2019-11-22,66.18126661739988,66.68191460208746,64.39050141333107,65.13184356689453,99600,0.0,0
2019-11-25,65.0451787782505,67.39435581726667,64.88150853416215,66.47972106933594,99000,0.0,0
2019-11-26,66.56636883731171,67.16329293151853,65.42066241366066,65.7383804321289,108900,0.0,0
2019-11-27,66.01758560332257,69.29102723647283,66.01758560332257,68.80963897705078,138800,0.0,0
2019-11-29,69.21400807214756,69.21400807214756,67.62542523864036,67.86611938476562,35800,0.0,0
2019-12-02,67.97202099355968,68.34750324955968,67.49063273249283,67.66393280029297,83900,0.0,0
2019-12-03,67.27882566327376,67.58691387916629,66.30642659319574,67.26920318603516,61600,0.0,0
2019-12-04,67.32696381977134,68.270488062122,66.82632325032544,67.8853759765625,78600,0.0,0
2019-12-05,67.78909887958108,69.42581603943817,67.5387749255246,68.89628601074219,100300,0.0,0
2019-12-06,69.30065391602913,70.50412451001448,69.27176445163616,70.10938262939453,80100,0.0,0
2019-12-09,69.98422434074203,70.18640651910874,68.08755350911899,69.19474792480469,109100,0.0,0
2019-12-10,69.2332634092042,69.70502184954174,68.79037974393816,69.49320983886719,108400,0.0,0
2019-12-11,69.74352816496493,70.0227342160181,68.76149207568808,68.88665771484375,71500,0.0,0
2019-12-12,68.96368227286213,69.98423042021699,68.33788338586986,69.57023620605469,129800,0.0,0
2019-12-13,69.66650748238352,69.66650748238352,68.30898910416396,69.05033111572266,116600,0.0,0
2019-12-16,69.4258233519429,70.28269396470225,68.47267654529874,68.76150512695312,102400,0.0,0
2019-12-17,68.71336555193469,69.31028231651698,67.97202348924723,68.28974151611328,80300,0.0,0
2019-12-18,68.30900187387647,68.35714364559092,67.55803724571052,67.8757553100586,81000,0.0,0
2019-12-19,67.83724459566943,67.97203274443793,66.99000375406705,67.91426849365234,138700,0.0,0
2019-12-20,67.88538616320044,69.73391563678724,67.88538616320044,69.56061553955078,290100,0.0,0
2019-12-23,69.63763220145023,69.63763220145023,67.80835521967444,68.59783172607422,76800,0.0,0
2019-12-24,68.84814763522088,69.57985246595095,68.31861763695426,69.37767028808594,24500,0.0,0
2019-12-26,69.49319943792804,69.76277564920244,69.20436358561928,69.46431732177734,32400,0.0,0
2019-12-27,69.73390360697597,70.34045016996652,69.19475110653994,69.9072036743164,61100,0.0,0
2019-12-30,70.05228297587784,71.00978139098336,69.66541261879392,70.69061279296875,55800,0.33,0
2019-12-31,70.75831383926429,71.28058027582367,70.26505400591657,70.32308197021484,106500,0.0,0
2020-01-02,70.70995573881991,70.70995573881991,69.54935212250822,70.12965393066406,130600,0.0,0
2020-01-03,69.6267383093038,70.49719493633313,69.1721661052474,69.56871032714844,88100,0.0,0
2020-01-06,69.2205115025126,70.02326616981186,68.872328933056,69.18182373046875,80800,0.0,0
2020-01-07,69.09477160557235,69.48163451118155,68.41774676288237,69.40426635742188,62500,0.0,0
2020-01-08,69.307567483391,69.84918158608873,68.78529357910158,68.78529357910156,95800,0.0,0
2020-01-09,69.23019475211454,70.59390385308592,68.99806808812615,69.60739135742188,103900,0.0,0
2020-01-10,69.61705531108079,70.37144841511578,68.94970415954,69.16248321533203,76500,0.0,0
2020-01-13,69.36559244544499,69.80081699065109,69.32690467136958,69.68476104736328,73700,0.0,0
2020-01-14,69.37526160831207,70.60356699282441,69.36558782070358,69.82015991210938,216700,0.0,0
2020-01-15,69.85885234943586,72.09301780524942,69.81049078710132,71.76417541503906,186700,0.0,0
2020-01-16,71.93826293945312,72.53791233786382,71.5417261890539,71.93826293945312,64200,0.0,0
2020-01-17,72.06399239488408,72.49921687114372,71.00010460263154,71.2515640258789,63200,0.0,0
2020-01-21,71.18387207633992,71.23223363766532,69.94589284736783,70.6615982055664,95700,0.0,0
2020-01-22,70.6615982055664,71.41599133703762,70.03294218196588,70.6615982055664,60300,0.0,0
2020-01-23,70.72930693742772,70.88405804577563,69.62673111673526,70.28440856933594,87700,0.0,0
2020-01-24,70.49717918567862,71.06781460549274,69.36558951283294,69.55902099609375,59600,0.0,0
2020-01-27,68.77562472533901,69.24953709920455,68.32105255126953,68.32105255126953,46700,0.0,0
2020-01-28,68.71758467424979,70.54553945980886,68.34038812351145,70.18768310546875,81100,0.0,0
2020-01-29,70.11030716598503,70.12965474121195,68.01154536907761,68.10826110839844,71700,0.0,0
2020-01-30,67.70206160969573,68.32105129695496,67.02504394517443,67.91484069824219,64400,0.0,0
2020-01-31,68.00187411982593,68.92069212501606,66.44472630814053,66.84127044677734,81400,0.0,0
2020-02-03,67.17011015311226,68.5628405614677,67.17011015311226,68.08892822265625,92300,0.0,0
2020-02-04,68.62086425665278,69.16248570331751,67.48927455989357,67.55697631835938,53900,0.0,0
2020-02-05,67.95352596408789,68.66923137997347,67.76976087096556,68.4951400756836,49900,0.0,0
2020-02-06,68.73692898522407,69.220515092445,68.11793935829637,68.31137084960938,74800,0.0,0
2020-02-07,68.18563264855922,68.18563264855922,66.81225004558998,66.8992919921875,60300,0.0,0
2020-02-10,66.85094970931019,67.2765004888435,66.23196004913554,66.39637756347656,62300,0.0,0
2020-02-11,66.51242601583245,66.98634568578072,66.24161899239799,66.75421905517578,58000,0.0,0
2020-02-12,66.97666857826246,67.092731887812,66.24161570899055,66.59947204589844,85600,0.0,0
2020-02-13,66.43505664933724,67.37321480564694,66.29965314006964,66.6961898803711,60200,0.0,0
2020-02-14,66.73488436381759,68.36940780587288,66.73488436381759,67.6923828125,55400,0.0,0
2020-02-18,67.62467708590894,68.1759649336062,66.63816470858578,67.17010498046875,58300,0.0,0
2020-02-19,67.36354730878318,67.70205611356329,66.81225943273027,66.97667694091797,46800,0.0,0
2020-02-20,66.69619962568905,67.29584909644754,66.45440655539046,67.13143157958984,48200,0.0,0
2020-02-21,67.16044327856316,67.31518700123235,65.53559360637409,65.99983215332031,67600,0.0,0
2020-02-24,64.39432996958843,64.94561785516424,61.95705177519323,62.01508712768555,55700,0.0,0
2020-02-25,62.04410495095686,62.04410495095686,58.436549000211485,58.72670364379883,92200,0.0,0
2020-02-26,58.27213186885593,59.54879902709073,56.36680123126888,56.6666259765625,142900,0.0,0
2020-02-27,55.85419545512818,58.01098905334314,54.94505490060427,57.78853988647461,159800,0.0,0
2020-02-28,57.24692117722781,58.45588642696249,56.076643700957234,58.08836364746094,176200,0.0,0
2020-03-02,58.67833564422014,60.59333984829645,57.41134242259155,60.33220291137695,111300,0.0,0
2020-03-03,58.51391839445643,65.13904652200804,54.17131357123695,55.51568603515625,178100,0.0,0
2020-03-04,55.80583965833651,56.35712754662181,54.15197599348061,55.64141845703125,83500,0.0,0
2020-03-05,54.374427482947745,55.72846647921347,51.69535978910113,52.633514404296875,104500,0.0,0
2020-03-06,51.44389158459551,54.69359099399359,50.71851238390735,54.47114181518555,140400,0.0,0
2020-03-09,52.01451916621869,53.88116178695112,49.838381740030336,50.99898910522461,96200,0.0,0
2020-03-10,52.1402556093796,53.78444916468822,50.61212537995347,53.55232620239258,115100,0.0,0
2020-03-11,52.01452154141205,52.324016361000766,49.673966507088764,50.93128967285156,141200,0.0,0
2020-03-12,47.7589577562069,48.57138244099606,43.2035745114237,43.5130729675293,146500,0.0,0
2020-03-13,45.495778900803295,49.01628494262695,44.02567678750361,49.01628494262695,132000,0.0,0
2020-03-16,44.69303139800865,45.901996781136795,40.89204393829619,41.05646514892578,126500,0.0,0
2020-03-17,41.984949931983834,45.1089160581714,39.276868195268776,44.190101623535156,143100,0.0,0
2020-03-18,41.01777475154278,43.88060371047948,40.00224463246712,43.53242111206055,149200,0.0,0
2020-03-19,43.98699427394267,49.14202422958233,42.13002529167726,47.55585861206055,183300,0.0,0
2020-03-20,46.250179545816366,46.74343948977162,33.696283411057074,34.13151168823242,222600,0.0,0
2020-03-23,34.286257395911896,39.55734695711179,33.077292069465564,36.99433898925781,219400,0.0,0
2020-03-24,38.65787587290888,43.996667116280136,37.555300102223285,43.8806037902832,130800,0.0,0
2020-03-25,43.85159056493911,47.33340923697882,41.24022471617464,44.08371353149414,130200,0.0,0
2020-03-26,44.625325755707856,49.29676936131479,44.625325755707856,47.62356185913086,198400,0.0,0
2020-03-27,45.253986557287625,47.60421521710663,44.6640109453909,46.29853057861328,99800,0.0,0
2020-03-30,45.68498466657178,49.10332233488417,45.68498466657178,48.470298767089844,106000,0.33,0
2020-03-31,47.6424967735962,48.35343675477349,43.347660073555886,45.139610290527344,186900,0.0,0
2020-04-01,43.08470879701296,44.65266179143277,38.44901037631261,39.26707458496094,148000,0.0,0
2020-04-02,38.293193478962536,43.16262300289043,38.18606543502334,42.685420989990234,110800,0.0,0
2020-04-03,42.36403874486664,44.798753615261276,39.15021585896174,40.56235122680664,156800,0.0,0
2020-04-06,42.588032511173616,46.746525998975414,42.588032511173616,44.55528259277344,141700,0.0,0
2020-04-07,45.100657924938595,47.64249703474869,43.51322284805802,44.45789337158203,178700,0.0,0
2020-04-08,45.577858556132746,45.63629304650911,43.201578340358,43.746952056884766,94900,0.0,0
2020-04-09,44.64292749633609,48.460558243706764,43.11392700959961,46.87312698364258,134300,0.0,0
2020-04-13,46.19140458586605,47.08737775404188,43.42556871768046,44.26311111450195,109900,0.0,0
2020-04-14,45.35386475284513,47.136077681490214,44.5260632478411,46.47383499145508,135300,0.0,0
2020-04-15,44.22415854058009,45.45125313911762,43.016538390759145,43.36713790893555,140300,0.0,0
2020-04-16,44.23389618653654,44.23389618653654,41.10772331146753,41.662837982177734,121600,0.0,0
2020-04-17,43.05549350096787,47.04842780442439,42.334820036275374,46.47383499145508,141400,0.0,0
2020-04-20,45.18830323249059,46.00636746443483,44.34101989988721,45.73367691040039,169200,0.0,0
2020-04-21,44.82796599276521,46.600438002108795,42.47116393982169,43.29896545410156,231600,0.0,0
2020-04-22,44.49683966892718,44.49683966892718,42.46141825301642,43.6982536315918,90200,0.0,0
2020-04-23,41.29276302756104,43.30870651316044,38.95543541653689,39.4813346862793,178700,0.0,0
2020-04-24,39.46186285695801,42.792551336457,39.46186285695801,42.3348274230957,274700,0.0,0
2020-04-27,42.48089761340185,43.6787767032172,41.740746039032835,43.06523132324219,216600,0.0,0
2020-04-28,44.19493938567816,45.36360310830066,42.8217605332436,43.81512451171875,204400,0.0,0
2020-04-29,45.314908456601735,46.37644420618312,43.21131512069766,44.78901290893555,253600,0.0,0
2020-04-30,43.61060672233961,44.759792310639654,42.928889606466406,43.52295684814453,207000,0.0,0
2020-05-01,42.325078761143885,43.38661450159042,40.13383556697185,41.4388427734375,189000,0.0,0
2020-05-04,40.90320376041534,43.71773313904072,40.747382180407406,43.172359466552734,203500,0.0,0
2020-05-05,44.155986674804645,44.691623174607614,41.74075009844882,41.808921813964844,154700,0.0,0
2020-05-06,41.64335495878739,42.84123775588496,40.76685997235144,41.95500183105469,360700,0.0,0
2020-05-07,42.54907109782926,43.38661351632811,42.19847531539036,42.39324951171875,131500,0.0,0
2020-05-08,43.46452798600543,44.32154488794136,42.977585044645544,43.29896545410156,159600,0.0,0
2020-05-11,42.64646359540442,44.360501110316285,41.98422089950943,43.191837310791016,261100,0.0,0
2020-05-12,43.82486721337588,44.633194325216564,40.2020103349112,40.581825256347656,385500,0.0,0
2020-05-13,39.978017203840075,40.52339466916754,37.89390188092592,38.44901657104492,415800,0.0,0
2020-05-14,37.932858935138846,39.169694551782754,36.647329763446606,38.517189025878906,250500,0.0,0
2020-05-15,38.234761118945606,38.838573088434465,37.43617492970432,38.30293655395508,401600,0.0,0
2020-05-18,40.00723381608313,41.57518696544725,39.8319340601155,40.61104202270508,245700,0.0,0
2020-05-19,40.6110392708187,41.68231218240278,39.84166858454819,40.659732818603516,185900,0.0,0
2020-05-20,41.575185151373404,42.9678421990831,39.627413472347776,42.2861213684082,150000,0.0,0
2020-05-21,42.34455340668703,43.795644858254356,41.993953930330925,42.20820999145508,166100,0.0,0
2020-05-22,42.140043788144155,42.74385201236013,41.63362266893466,42.1108283996582,88800,0.0,0
2020-05-26,43.805386090600585,45.56812085690663,43.727477152657436,45.23699951171875,132100,0.0,0
2020-05-27,46.29853625836876,47.506152685596945,45.646030778026564,47.311378479003906,209600,0.0,0
2020-05-28,48.06126485330158,48.16839289041598,44.98378573883904,45.31490707397461,140900,0.0,0
2020-05-29,44.71110088021434,45.76289942039282,43.902777526629606,45.19804382324219,198500,0.0,0
2020-06-01,45.100654921969614,45.626550456005326,44.43841224865683,44.74031448364258,131300,0.0,0
2020-06-02,44.81822776877188,45.18830543617207,44.48710642743059,44.594234466552734,63400,0.0,0
2020-06-03,45.41230090148504,47.73988762571728,45.01300782806126,46.48357391357422,107300,0.0,0
2020-06-04,45.3441335337707,47.087386651706865,45.3441335337707,46.44462203979492,96300,0.0,0
2020-06-05,48.45082019388393,50.330420148863084,48.34369215783647,49.1714973449707,131700,0.0,0
2020-06-08,49.73635048631105,49.78504403621024,48.42160606363433,48.645599365234375,111800,0.0,0
2020-06-09,48.041795466077915,48.041795466077915,46.960781472355315,47.49641799926758,101800,0.0,0
2020-06-10,47.66197050877252,48.14891341688654,46.11349191236672,46.28879165649414,101400,0.0,0
2020-06-11,44.60397470098621,45.217523875045316,43.51322350327667,44.07807540893555,158200,0.0,0
2020-06-12,45.675255672974046,45.675255672974046,43.14314980030007,44.39946365356445,109200,0.0,0
2020-06-15,42.938628864799334,45.19804382324219,42.938628864799334,45.19804382324219,98400,0.0,0
2020-06-16,47.019210519615775,47.26268199697929,45.19804490915909,46.590702056884766,127900,0.0,0
2020-06-17,46.5906971663445,47.00946836065849,45.59733319716338,46.201141357421875,154900,0.0,0
2020-06-18,45.665505943538925,46.46409202639484,45.06169776956778,45.801849365234375,81300,0.0,0
2020-06-19,46.434880408063236,46.52253028841931,45.07143865031987,45.58760070800781,182600,0.0,0
2020-06-22,45.29542528511206,45.35385976842721,44.789007956698214,45.081172943115234,85600,0.0,0
2020-06-23,45.558380126953125,45.899242412874074,45.31490865775807,45.558380126953125,112100,0.0,0
2020-06-24,44.79875180229916,44.90587984667397,43.0554951340253,43.45478820800781,171800,0.0,0
2020-06-25,42.96784439178515,44.068336486816406,42.46142328358564,44.068336486816406,123800,0.0,0
2020-06-26,43.776169454712175,44.117028014266374,42.90941164749179,42.9483642578125,339100,0.0,0
2020-06-29,43.59112919278832,46.39592149268399,43.250270629901564,46.29853439331055,150800,0.0,0
2020-06-30,46.28879669592287,47.009473913026255,45.85055100297239,46.892608642578125,156000,0.0,0
2020-07-01,47.22372920539209,48.10996523103903,45.792115735085545,45.92845916748047,147600,0.0,0
2020-07-02,46.98025832802409,47.54511022873156,46.347230995169916,46.67835235595703,102800,0.0,0
2020-07-06,47.62302311257263,47.62302311257263,46.19140961718233,46.5517463684082,73400,0.0,0
2020-07-07,45.967412841353394,46.025843614674855,45.159085802996074,45.63629150390625,90800,0.0,0
2020-07-08,45.45125927948836,45.52917194520001,43.844349557529526,44.36050796508789,109900,0.0,0
2020-07-09,44.20468082783006,44.84744537935201,43.00680160522461,43.00680160522461,105900,0.0,0
2020-07-10,43.133404724949706,43.873556328366845,42.47116205685454,42.626983642578125,356400,0.0,0
2020-07-13,42.88993432911289,44.40919389883902,42.7438499635255,43.12366485595703,183800,0.0,0
2020-07-14,43.02627586097125,43.9319899715389,42.77306346711386,43.34765625,111800,0.0,0
2020-07-15,44.165725640639,45.99663223760102,42.22769471155624,44.95457458496094,145200,0.0,0
2020-07-16,44.70136636527846,46.28879778090387,43.64956776135188,44.25337600708008,104300,0.0,0
2020-07-17,44.31180907500814,44.360502627678976,42.91915192115864,43.2210578918457,70000,0.0,0
2020-07-20,42.967842420512696,43.73721312931179,41.935525802960164,42.9483642578125,85500,0.0,0
2020-07-21,43.60086788280465,44.37997578284428,43.045753271833945,43.172359466552734,72400,0.0,0
2020-07-22,43.01654255562508,43.88330421062774,42.626990387219166,42.89967727661133,99200,0.0,0
2020-07-23,42.56855293274207,43.78591034021065,41.04929326587247,43.074974060058594,150700,0.0,0
2020-07-24,42.79254176012714,43.00679783018753,40.844770112536985,40.981117248535156,199700,0.0,0
2020-07-27,41.0103360541681,41.672578766777804,40.53313032608055,40.552608489990234,111000,0.0,0
2020-07-28,40.35782963817474,41.136941316331324,39.61767800202176,39.82219314575195,90100,0.0,0
2020-07-29,40.036447117404364,40.640255292561655,39.49106971447156,40.62077713012695,160100,0.0,0
2020-07-30,40.10462364234682,40.65000111074404,39.754024106597186,40.56235122680664,88200,0.0,0
2020-07-31,40.260442535945074,40.68895098686734,39.49107179705935,39.82219314575195,135600,0.0,0
2020-08-03,40.104617940739864,40.104617940739864,38.877519740070646,39.549503326416016,87400,0.0,0
2020-08-04,39.39368656539452,40.11436007230597,38.94569992973821,40.04618835449219,89300,0.0,0
2020-08-05,40.2896580862516,41.526493607976626,40.17279282008824,41.273284912109375,79900,0.0,0
2020-08-06,41.33172020616188,43.172367853629154,40.85451815002907,42.34456253051758,369000,0.0,0
2020-08-07,42.25690216658053,43.318437784404324,41.74074390706928,43.30870056152344,100800,0.0,0
2020-08-10,43.48399934007518,44.477359515623476,43.48399934007518,44.15597915649414,151800,0.0,0
2020-08-11,38.95543738342087,45.061702639081695,38.750922228777114,43.61061096191406,420600,0.0,0
2020-08-12,44.155985585913506,47.07764320196844,43.32818408072985,46.132972717285156,195100,0.0,0
2020-08-13,46.084278099390914,46.17192797444579,44.76953368864751,45.18830490112305,102100,0.0,0
2020-08-14,45.042220537671696,46.47383392520806,42.87045553917839,45.18830490112305,95200,0.0,0
2020-08-17,45.23699628202572,45.23699628202572,43.93198915770084,44.302066802978516,95800,0.0,0
2020-08-18,44.52606417885468,44.52606417885468,43.123666116478255,43.38661575317383,115200,0.0,0
2020-08-19,43.36713840059338,43.39635750415926,41.838137818496214,42.1108283996582,121600,0.0,0
2020-08-20,41.536234969749565,42.295864780157295,41.35119427177239,41.36093521118164,61900,0.0,0
2020-08-21,41.15641434847171,41.67257637475067,41.05902724959326,41.47779846191406,68200,0.0,0
2020-08-24,41.838140325784785,42.57829574247796,41.76023138012663,42.295867919921875,88300,0.0,0
2020-08-25,42.67567723151398,45.39281961800142,42.471162096637634,45.20777893066406,309900,0.0,0
2020-08-26,45.100651873271175,45.100651873271175,43.454782525083225,44.01963806152344,143600,0.0,0
2020-08-27,44.26311494947349,45.16882913473281,43.79565016273963,43.9222526550293,152600,0.0,0
2020-08-28,44.000165410065236,44.27285227417461,42.140043483290825,44.029380798339844,86700,0.0,0
2020-08-31,44.07807566734297,44.20468187878184,43.474267429456084,43.503482818603516,122800,0.0,0
2020-09-01,43.230794969639426,43.97095034201209,42.880195447471316,43.90277862548828,73700,0.0,0
2020-09-02,44.00989712326513,44.72083329786512,43.707994908687255,44.01963806152344,110500,0.0,0
2020-09-03,43.931990522834596,44.19494014356487,43.72747538951536,43.990421295166016,116300,0.0,0
2020-09-04,44.40919485728033,45.28569363956185,43.678780443739015,43.85408020019531,72200,0.0,0
2020-09-08,43.45478293068079,44.292325304900245,43.08470900515828,43.76642608642578,110200,0.0,0
2020-09-09,43.76643043491614,43.854080313370496,40.328614441801825,40.48443603515625,214900,0.0,0
2020-09-10,40.53312809709933,41.0979836741782,39.247599070392575,39.90010452270508,170800,0.0,0
2020-09-11,39.77349704590469,40.44547692441968,39.38394123178959,39.63715362548828,188900,0.0,0
2020-09-14,39.95853657490541,40.25070531175403,39.39368469482968,39.82219314575195,128900,0.0,0
2020-09-15,40.00723480502559,40.59156486264194,38.95543624322029,39.65663528442383,123300,0.0,0
2020-09-16,39.89036944173735,40.86425543620406,39.86115405072902,40.44548416137695,115800,0.0,0
2020-09-17,40.00723352868624,40.20200773162459,39.11125659183472,39.39368438720703,112000,0.0,0
2020-09-18,39.74428292954171,39.74428292954171,37.601733313635584,38.21528244018555,287200,0.0,0
2020-09-21,37.50433936044747,37.98154502228547,35.87795190811591,36.705753326416016,93400,0.0,0
2020-09-22,36.74471335534866,37.15374735176703,35.79030565047879,36.939491271972656,112700,0.0,0
2020-09-23,36.82262645099312,37.075835145094494,36.043514775124684,36.2382926940918,127500,0.0,0
2020-09-24,36.20907987392164,36.70576007317895,35.72213689951718,35.975345611572266,72200,0.0,0
2020-09-25,35.507877454662676,36.33568266216195,35.507877454662676,36.062992095947266,76000,0.0,0
2020-09-28,36.549933006120845,37.16348210237338,36.413589588082395,36.52071762084961,102200,0.0,0
2020-09-29,36.57915562545815,36.793407996524564,35.8974347546035,36.09221267700195,105300,0.0,0
2020-09-30,36.559674471995024,37.09531092847849,35.89743181904397,36.3746337890625,137200,0.0,0
2020-10-01,36.42333790349521,38.692490352741416,35.994825685638396,36.64733123779297,89500,0.0,0
2020-10-02,36.03377964695957,37.87442347235092,35.67344289071238,37.5725212097168,114000,0.0,0
2020-10-05,37.92311496799547,39.09177877127103,37.660165333627475,38.585357666015625,101800,0.0,0
2020-10-06,38.80934567826989,39.37420119689805,38.244493874721044,38.896995544433594,113200,0.0,0
2020-10-07,39.159945896164494,39.55923891301746,38.341881701260945,38.96516799926758,135000,0.0,0
2020-10-08,38.449013891801485,39.870886377409086,38.449013891801485,39.841670989990234,77500,0.0,0
2020-10-09,40.163057340812955,40.24096628328014,39.422901954434714,40.04618835449219,77100,0.0,0
2020-10-12,40.094875288663246,41.000589350185074,39.99748819788688,40.77659606933594,62200,0.0,0
2020-10-13,40.39678868377817,40.73765099468145,40.10462364234682,40.56235122680664,88000,0.0,0
2020-10-14,40.786342540925446,40.81555792910612,39.86115019271205,40.33835220336914,89400,0.0,0
2020-10-15,39.98775291434571,40.11435539547965,39.004126160430964,39.87088394165039,100900,0.0,0
2020-10-16,39.7150638332787,40.23122586080104,39.31577078278765,39.90010452270508,74800,0.0,0
2020-10-19,40.01697388075724,40.62078213023877,39.13073781382722,39.32551574707031,158000,0.0,0
2020-10-20,39.559238823771736,40.318872248448045,38.94569346528777,39.19890213012695,103900,0.0,0
2020-10-21,39.02360690658905,40.61104193089392,38.692485558852084,40.05592727661133,87800,0.0,0
2020-10-22,40.026707223910705,40.766862555439445,39.607936008327805,40.669471740722656,87900,0.0,0
2020-10-23,42.43220647841654,42.43220647841654,40.14357620124636,40.22148513793945,92700,0.0,0
2020-10-26,39.70532660955107,39.900104522857625,38.78987524661388,39.11125564575195,74500,0.0,0
2020-10-27,38.906746531843375,39.325517810005884,38.12763847308066,38.31267547607422,116000,0.0,0
2020-10-28,38.4684904361653,41.34145438897078,38.4684904361653,40.7279052734375,313600,0.0,0
2020-10-29,40.40652481195128,42.500377122099216,40.10461886654556,42.305599212646484,181200,0.0,0
2020-10-30,42.2763851109091,42.39325037409938,39.481333727846454,39.987754821777344,145200,0.0,0
2020-11-02,40.542873796116204,41.468066206634006,40.016974482969644,40.630523681640625,108600,0.0,0
2020-11-03,41.321982130683566,42.70489842907454,41.321982130683566,42.51012420654297,167000,0.0,0
2020-11-04,40.766868289087625,44.66241226373405,40.766868289087625,44.35076904296875,115600,0.0,0
2020-11-05,44.35076697829804,45.237003042669755,44.253376154417595,44.915618896484375,93400,0.0,0
2020-11-06,45.19804149559938,45.85054693749499,44.496842504924594,45.33438491821289,74600,0.0,0
2020-11-09,47.81779638461236,54.401267173927884,47.5548504598893,51.98603057861328,312100,0.0,0
2020-11-10,52.64827824580693,55.50176450937568,51.051102092772894,54.04093551635742,321900,0.0,0
2020-11-11,53.78771181015358,55.15115340406783,53.08651285156002,54.25517654418945,225000,0.0,0
2020-11-12,54.03119213834201,54.96612176007509,53.70007076625987,54.07014846801758,202700,0.0,0
2020-11-13,54.557087303450096,54.59604363016931,51.9860291812586,52.852787017822266,159500,0.0,0
2020-11-16,54.04092934271438,55.52123261725889,52.979393580454555,55.073246002197266,182100,0.0,0
2020-11-17,54.907691770401456,55.98870578642653,53.58320626302227,55.589412689208984,149000,0.0,0
2020-11-18,55.75496377899504,56.086085109866495,51.771770584870644,51.87889862060547,135500,0.0,0
2020-11-19,51.538036350987426,52.10289191574209,51.343262157010955,51.87889862060547,100300,0.0,0
2020-11-20,51.40169545608344,52.33662872249809,50.89527435367378,51.61595153808594,133500,0.0,0
2020-11-23,52.04446007958213,52.76513726527615,51.60621440573178,52.17106628417969,87300,0.0,0
2020-11-24,52.94044008895736,55.87183512243435,52.58984055749459,55.23881149291992,147200,0.0,0
2020-11-25,55.26802210984038,55.26802210984038,53.94353675649577,54.508392333984375,116000,0.0,0
2020-11-27,54.35257095892435,54.47917344534262,53.30077245124217,53.933799743652344,41900,0.0,0
2020-11-30,53.83640946982188,54.07988093625932,52.317149896903274,52.89174270629883,136400,0.0,0
2020-12-01,53.78771496039445,54.50839212283308,52.911219925897385,54.29413604736328,134300,0.0,0
2020-12-02,51.83020461830755,54.60577772404618,51.83020461830755,54.15779113769531,183500,0.0,0
2020-12-03,54.06040584061881,56.23217471374103,54.06040584061881,55.511497497558594,113800,0.0,0
2020-12-04,56.27112557499436,56.855459338453684,55.30698062366022,56.39773178100586,88700,0.0,0
2020-12-07,56.086087014804235,56.83597957533815,54.88820784878142,56.154258728027344,200600,0.0,0
2020-12-08,55.540711071833634,56.20295377369105,55.05376812723729,55.84261703491211,81100,0.0,0
2020-12-09,55.12194071218889,56.4074698090046,54.73238857941194,55.229068756103516,136900,0.0,0
2020-12-10,55.51149517421954,55.54071056180149,54.15779439508555,55.199851989746094,78200,0.0,0
2020-12-11,55.42384520353055,55.462801530294406,54.24544418202227,54.644737243652344,150000,0.0,0
2020-12-14,55.43358699562468,55.803664700217595,54.60578541661748,55.1609001159668,212200,0.0,0
2020-12-15,55.7452277147579,57.3618780779123,55.521230699882814,56.53407287597656,193700,0.0,0
2020-12-16,56.59251150340856,57.36188227315728,55.98870327218753,56.51459884643555,207700,0.0,0
2020-12-17,56.3587751220419,57.37161733401279,55.774445077101674,56.865196228027344,145700,0.0,0
2020-12-18,57.118407997614995,57.46900379159708,56.45616530607142,56.904151916503906,548700,0.0,0
2020-12-21,57.21579638320336,57.858560925883815,55.501758841082115,56.7191162109375,248400,0.0,0
2020-12-22,56.86519768140627,57.65404660580907,56.47564554651643,57.342403411865234,87600,0.0,0
2020-12-23,57.5956097651712,58.5305393088784,57.05997327961476,57.92673110961914,130200,0.0,0
2020-12-24,58.47211196399169,58.540283681693126,57.28396994391536,57.83908462524414,44200,0.0,0
2020-12-28,58.2481130125319,59.48494846632308,57.86829441697302,58.959049224853516,86300,0.0,0
2020-12-29,58.88113998090178,59.01748341100361,57.77091066140993,58.530540466308594,66400,0.0,0
2020-12-30,58.3552364802424,59.484947596545844,57.683256602687706,58.44288635253906,57500,0.0,0
2020-12-31,58.413674550442884,59.43625397991884,57.46900405941053,58.91035842895508,65500,0.0,0
2021-01-04,59.05644269245751,59.066183632283405,57.24501425316379,57.6930046081543,111700,0.0,0
2021-01-05,56.5925061753972,60.47830855663095,56.5925061753972,59.98162841796875,132400,0.0,0
2021-01-06,60.68283088580628,62.640339881763985,60.14719067651553,61.68593215942383,207500,0.0,0
2021-01-07,62.23131227466881,62.23131227466881,59.60181952649914,60.18614959716797,118500,0.0,0
2021-01-08,60.01085319241943,60.24458746281963,58.66689321162891,59.54338836669922,71300,0.0,0
2021-01-11,59.13434767488564,60.27379229132945,57.71247156635193,58.3552360534668,78200,0.0,0
2021-01-12,58.423418381104625,58.5305427123813,57.37161979696297,58.17994689941406,87700,0.0,0
2021-01-13,57.94620769280047,59.231736709115054,57.84882059447469,58.92009353637695,161800,0.0,0
2021-01-14,60.3809231641576,60.3809231641576,58.92009437792798,59.88424301147461,80800,0.0,0
2021-01-15,59.20252343979683,61.35481033945047,59.20252343979683,59.35834503173828,116600,0.0,0
2021-01-19,59.884245330031845,61.11133992333946,59.28043340015489,60.19588851928711,166100,0.0,0
2021-01-20,59.27069419186003,60.99447261446029,57.99490237443369,60.760738372802734,232300,0.0,0
2021-01-21,61.023692122617426,61.41324797999459,59.65051311222891,59.738162994384766,127000,0.0,0
2021-01-22,59.533647573083464,59.80633444297211,56.81650495356173,57.62482833862305,90500,0.0,0
2021-01-25,57.7027365438729,59.50442387819824,56.76780702060396,58.90061569213867,110900,0.0,0
2021-01-26,60.371185625935446,61.530108452882416,59.484949648839596,61.2476806640625,71900,0.0,0
2021-01-27,60.05953956781159,61.656715508581094,59.65050928736508,60.97499465942383,101600,0.0,0
2021-01-28,61.50089114271699,61.61775640112973,60.45883361042766,61.023685455322266,91300,0.0,0
2021-01-29,61.179511197007706,61.179511197007706,59.9913692246269,60.55622482299805,122400,0.0,0
2021-02-01,60.88733914792397,63.47787516291043,60.40039626003118,63.22466278076172,107700,0.0,0
2021-02-02,63.62396441306679,64.19855349853577,62.15339469798201,62.7182502746582,120400,0.0,0
2021-02-03,62.64033857475272,63.156496894666915,61.56906560868333,62.55269241333008,69900,0.0,0
2021-02-04,62.53321122353215,65.30878448486328,62.182611713663,65.30878448486328,66500,0.0,0
2021-02-05,65.94181464642782,66.36058588856643,64.82184435418178,65.70808410644531,46600,0.0,0
2021-02-08,66.04894365330713,67.3636881763166,64.78288896883281,66.99361419677734,60900,0.0,0
2021-02-09,67.38316049020943,68.44469243959799,66.50666178924337,67.32472229003906,107200,0.0,0
2021-02-10,67.87984279557969,67.89932467404945,66.22423977331076,66.41901397705078,82200,0.0,0
2021-02-11,66.56510220402039,66.56510220402039,64.75367376961495,65.97103118896484,87600,0.0,0
2021-02-12,66.20477027196947,66.20477027196947,64.93871556257812,65.46461486816406,80400,0.0,0
2021-02-16,65.96129607949479,66.48718793335809,64.67576697304702,66.17554473876953,102600,0.0,0
2021-02-17,66.2047580173685,66.45796296825004,64.43228621040393,65.05557250976562,68800,0.0,0
2021-02-18,64.66602427327096,66.43849628740155,64.1206431249664,65.95155334472656,82700,0.0,0
2021-02-19,66.04894125123256,67.7532415713412,66.04894125123256,67.0228271484375,89700,0.0,0
2021-02-22,66.68197123333417,70.334043493695,66.60405857520806,69.21407318115234,112000,0.0,0
2021-02-23,68.9024234275932,69.31145369862479,67.14942593723029,68.70764923095703,129200,0.0,0
2021-02-24,67.24682497673092,72.0675572533723,67.24682497673092,71.6780014038086,101800,0.0,0
2021-02-25,71.10341181033128,71.96042872953349,68.54208713187327,70.4801254272461,77500,0.0,0
2021-02-26,70.47039388830315,72.02861005387719,68.62974988175618,71.25923919677734,95900,0.0,0
2021-03-01,72.65187965364271,73.67446272217627,70.99627675523116,73.25569152832031,102300,0.0,0
2021-03-02,73.85949927791377,73.85949927791377,69.83735339333903,70.24638366699219,175100,0.0,0
2021-03-03,74.23931493113759,74.25878937711421,70.39246171186727,70.85018920898438,223200,0.0,0
2021-03-04,71.09366812557903,71.53191379264551,68.04540804381915,68.16226959228516,157200,0.0,0
2021-03-05,69.16536934877254,70.43142391761825,67.97723486081868,69.60362243652344,141100,0.0,0
2021-03-08,69.7984060153681,71.84356507596745,68.9413890325898,71.06446075439453,84600,0.0,0
2021-03-09,71.75591337815463,71.76565431759515,70.265869140625,70.265869140625,75100,0.0,0
2021-03-10,70.89889948988295,71.9993879285574,69.63284479428644,71.09367370605469,94200,0.0,0
2021-03-11,71.4637451933998,72.24285689120106,71.11314567240521,72.01885986328125,84100,0.0,0
2021-03-12,71.84295915260222,74.40319798417119,71.84295915260222,74.0220947265625,81300,0.25,0
2021-03-15,73.43578883365376,76.06442339077337,73.28920892473153,74.9992904663086,141200,0.0,0
2021-03-16,74.65727184678552,75.75171920622198,74.01232326252033,74.95042419433594,63800,0.0,0
2021-03-17,74.77452956827074,75.32176070162977,73.47487333303125,74.66704559326172,86600,0.0,0
2021-03-18,74.65726893100505,74.65726893100505,72.9080990740908,73.06444549560547,97000,0.0,0
2021-03-19,73.61168098975722,73.81688987384847,70.21105851893346,70.51399230957031,297400,0.0,0
2021-03-22,70.70942737083321,71.08075666830464,69.60520600480453,70.31855010986328,75900,0.0,0
2021-03-23,69.60520028516726,70.74851002888062,68.54006002293357,68.8527603149414,92300,0.0,0
2021-03-24,68.99934864717764,74.61818806499105,67.53356445122633,67.68991088867188,97600,0.0,0
2021-03-25,67.10358978574816,69.59542556993702,66.2534398364832,68.86253356933594,114700,0.0,0
2021-03-26,69.01888446315733,70.43581356278455,68.01238057656623,69.47816467285156,95500,0.0,0
2021-03-29,69.78109509529145,70.6996480150818,68.34462555724957,69.13614654541016,112700,0.0,0
2021-03-30,69.3413574868073,70.6801096208873,68.35439412583791,70.45535278320312,58800,0.0,0
2021-03-31,70.38695679878998,72.36088371630571,69.11661495257007,69.31204986572266,103300,0.0,0
2021-04-01,69.17522959776703,70.52374811189148,69.14591511240644,69.8788070678711,45100,0.0,0
2021-04-05,70.61171284635762,71.21756554337875,70.07425565832537,70.37718200683594,40200,0.0,0
2021-04-06,70.51398737731786,71.31528234954361,69.28272670352992,69.51725006103516,56800,0.0,0
2021-04-07,69.75177700588901,70.85600580435299,68.60846719196682,69.18501281738281,40400,0.0,0
2021-04-08,69.47816483660529,69.48793881810533,68.1882751270486,69.38044738769531,76700,0.0,0
2021-04-09,69.54657872670336,69.88859357932296,68.41304272154062,69.72247314453125,37600,0.0,0
2021-04-12,69.39022540611543,70.0449405528015,69.39022540611543,69.71269226074219,21100,0.0,0
2021-04-13,69.80063618897589,70.19151342352191,68.5009725526397,69.32181549072266,65200,0.0,0
2021-04-14,69.19478538208796,70.48467521031743,68.81368207752226,69.68338012695312,47200,0.0,0
2021-04-15,70.01562393966881,70.45535619969876,69.38044932100938,70.22083282470703,49400,0.0,0
2021-04-16,70.35763874806584,73.56281887595289,69.88858454271872,70.22083282470703,55800,0.0,0
2021-04-19,70.35764088535149,70.35764088535149,69.11661355565053,69.81041717529297,57600,0.0,0
2021-04-20,69.57587897031237,69.95698222165662,68.20781984003207,68.36416625976562,65000,0.0,0
2021-04-21,73.24034378200243,74.04163880529023,70.95372412604584,73.59213256835938,98800,0.0,0
2021-04-22,73.32829732935345,74.12959238130496,72.62471973147136,72.79084014892578,89600,0.0,0
2021-04-23,73.35761199411866,75.18495895654523,73.14262912143744,74.32502746582031,63200,0.0,0
2021-04-26,74.82339794049386,74.88202692338547,73.37715423446711,73.6312255859375,66400,0.0,0
2021-04-27,73.62143459173903,74.20775410662868,72.83968766415671,73.2696533203125,84200,0.0,0
2021-04-28,73.3771497123623,74.25662167835635,72.26315437389103,72.43904876708984,63800,0.0,0
2021-04-29,72.93742181393016,72.93742181393016,71.78433793527314,72.09703826904297,78700,0.0,0
2021-04-30,71.70615970462515,72.62472018035581,71.50095081320181,71.921142578125,74500,0.0,0
2021-05-03,72.2924723591258,75.14586350995755,71.41300044130419,72.58562469482422,123500,0.0,0
2021-05-04,72.48791757147217,72.85924689837735,71.76479942734554,72.36088562011719,64000,0.0,0
2021-05-05,72.41950972029474,72.947192910538,71.53026375469118,72.51722717285156,29800,0.0,0
2021-05-06,73.14262560564731,73.15239958721679,72.2142986513614,72.44882202148438,51900,0.0,0
2021-05-07,72.47814166085811,73.48464562849131,72.39996471347432,73.15240478515625,71400,0.0,0
2021-05-10,72.45859924784307,72.94719397310787,70.41626941944699,70.68011474609375,80300,0.0,0
2021-05-11,67.1133717468048,69.69315129924404,66.49774507702857,68.95048522949219,128400,0.0,0
2021-05-12,68.56938470635377,70.79737555012173,67.58242868957014,69.7811050415039,121300,0.0,0
2021-05-13,69.69315384646289,71.7843387501685,69.59543638893129,70.9341812133789,108500,0.0,0
2021-05-14,71.13939149053425,74.04163775371457,71.13939149053425,73.89506530761719,82300,0.0,0
2021-05-17,73.7094090785735,73.94393248632905,72.65404256062645,73.35762023925781,48000,0.0,0
2021-05-18,73.7386975667791,74.02208333491595,72.60516194959375,72.62470245361328,45200,0.0,0
2021-05-19,71.99932052192146,73.01559846641116,71.41300833039078,72.8690185546875,43800,0.0,0
2021-05-20,73.15240040446895,73.67030960298483,72.60517671628065,73.01559448242188,52900,0.0,0
2021-05-21,73.59213503033364,73.59213503033364,72.40973669149673,72.88855743408203,39200,0.0,0
2021-05-24,72.95696853169386,73.41624131456678,70.57262386784171,72.49768829345703,62400,0.0,0
2021-05-25,72.77129508280207,73.28920426676238,71.68661426322491,71.6963882446289,60700,0.0,0
2021-05-26,72.18499150582959,75.10678604182125,72.14590303093847,74.27617645263672,91400,0.0,0
2021-05-27,74.20776778396095,76.1816871544365,72.39996137212255,75.01882934570312,91800,0.0,0
2021-05-28,76.56279020382092,76.56279020382092,74.53023440399913,74.7354507446289,67300,0.0,0
2021-06-01,74.43251767679277,75.89830183327328,73.59213416398151,74.72567749023438,95000,0.0,0
2021-06-02,74.81362219760203,75.38039387009631,73.26966852666652,74.4227523803711,63700,0.0,0
2021-06-03,74.06119143255744,75.2533637885804,73.34783983325441,74.68659210205078,73100,0.0,0
2021-06-04,75.07746994289506,75.07746994289506,73.93416003441178,74.7745361328125,39700,0.0,0
2021-06-07,75.14587099127995,75.98625452360214,74.53023685983233,75.66378021240234,87000,0.0,0
2021-06-08,76.53346825468259,76.7093626328195,75.64422983853036,76.17190551757812,57000,0.0,0
2021-06-09,76.40644384168674,76.82663559438481,73.24034472376293,75.21427154541016,46500,0.0,0
2021-06-10,75.21427305229957,75.65400532202813,73.96347175093815,74.13936614990234,42300,0.0,0
2021-06-11,74.51069412897915,75.45856907010108,74.16867931913198,75.1165542602539,64500,0.0,0
2021-06-14,75.94007381636257,75.94007381636257,74.03813823224704,74.32244873046875,64800,0.25,0
2021-06-15,74.35185611836175,74.47931003197344,73.25383766072125,73.56755828857422,66600,0.0,0
2021-06-16,73.56755319774356,73.56755319774356,71.87149626223317,71.9499282836914,94500,0.0,0
2021-06-17,72.35188549585877,72.44011590866164,71.06758547633389,71.60679626464844,63900,0.0,0
2021-06-18,70.59701505863748,70.9303399562057,69.33232666317193,70.21466827392578,126100,0.0,0
2021-06-21,70.55779301845271,71.10680220505714,69.66564561053136,70.94013977050781,119500,0.0,0
2021-06-22,70.8421031212941,72.312669846183,69.64604098830087,71.98914337158203,73300,0.0,0
2021-06-23,71.54797681240356,71.9107118199064,70.76367156214104,71.25386047363281,72700,0.0,0
2021-06-24,71.44014200543252,72.87149287672669,70.9205354228394,72.05777740478516,84700,0.0,0
2021-06-25,72.400903201008,73.13618659332634,70.59701153543794,70.75386810302734,720100,0.0,0
2021-06-28,71.29308603139282,71.99895935521891,71.03818566896891,71.4891586303711,115200,0.0,0
2021-06-29,71.87149902986953,72.734236339754,70.7048544544323,70.95974731445312,78600,0.0,0
2021-06-30,70.95974486336249,71.38130763076092,70.17544708473724,70.58720397949219,92100,0.0,0
2021-07-01,71.27347515625864,71.53818139577925,70.67544399845615,71.13622283935547,158800,0.0,0
2021-07-02,71.35189671793505,71.45973887677482,70.27348260922665,70.3813247680664,59200,0.0,0
2021-07-06,70.4205477786916,70.80289456906193,68.92057075805572,69.61663818359375,92000,0.0,0
2021-07-07,69.71466979324096,71.38130915309169,69.61663350378318,70.12642669677734,170900,0.0,0
2021-07-08,69.01860087732891,70.3421094547558,68.19507960890797,68.84213256835938,83300,0.0,0
2021-07-09,69.58722982979899,70.5283917594718,69.0088029527882,70.4107437133789,117100,0.0,0
2021-07-12,70.27348880433289,71.5871916119179,69.87153027146024,70.28329467773438,53700,0.0,0
2021-07-13,69.94014840600448,70.62641735130846,68.81271992387828,69.02840423583984,45200,0.0,0
2021-07-14,69.26370187872881,69.29311201972057,67.61666666598015,67.94019317626953,42800,0.0,0
2021-07-15,67.54803494470593,69.25389029888139,67.17548657700036,68.48919677734375,49800,0.0,0
2021-07-16,69.02840473882712,69.09703088588867,67.48920440673828,67.48920440673828,39100,0.0,0
2021-07-19,66.50882844041944,67.08725524993591,65.68531465293202,66.22452545166016,59300,0.0,0
2021-07-20,69.0284092830921,73.22442536180492,69.0284092830921,72.14600372314453,213400,0.0,0
2021-07-21,72.79305317210316,74.9596872578448,72.32246852720006,74.36165618896484,126800,0.0,0
2021-07-22,73.88128126283156,74.60675883534024,72.23424604437264,72.44012451171875,89200,0.0,0
2021-07-23,73.50873875617981,74.82244156127751,72.34208665337673,73.7734375,48000,0.0,0
2021-07-26,73.9891244611028,76.17536308259302,73.9891244611028,75.64596557617188,110900,0.0,0
2021-07-27,75.10674956803936,75.78321269498304,73.66559289569307,74.27342987060547,76500,0.0,0
2021-07-28,74.64596659862198,75.1949757841905,73.36167404822882,74.92047119140625,66700,0.0,0
2021-07-29,75.26360105551016,75.58712752738909,73.3420614487185,74.40087127685547,167100,0.0,0
2021-07-30,74.3616589568136,75.59693715093505,73.67539744879583,75.36164855957031,56700,0.0,0
2021-08-02,75.05772256412922,76.6655415703846,74.84203824968462,74.95968627929688,62400,0.0,0
2021-08-03,75.38125928000413,77.02829451996007,74.73421372842685,76.51850128173828,95500,0.0,0
2021-08-04,75.69498214089593,76.4694816345005,74.93028852130138,75.94988250732422,74300,0.0,0
2021-08-05,76.27341271205826,78.04789452927098,76.08713849533314,77.29299926757812,86000,0.0,0
2021-08-06,77.74396985252119,78.06748887242122,75.53811959481057,77.86161041259766,66600,0.0,0
2021-08-09,78.34199462917977,78.34199462917977,76.33221712060028,77.64591979980469,80900,0.0,0
2021-08-10,77.40083190207491,77.70475413604261,71.24405991156738,76.18516540527344,206100,0.0,0
2021-08-11,76.36163085030263,77.55769303520786,74.5283215610163,75.1165542602539,134700,0.0,0
2021-08-12,75.32243287348876,75.32243287348876,71.97934077644074,72.00875091552734,173900,0.0,0
2021-08-13,71.96954595011931,72.9401179865277,70.35192090297873,72.65580749511719,111100,0.0,0
2021-08-16,72.2832569024418,73.68519742493427,71.3224833884145,72.66560363769531,75600,0.0,0
2021-08-17,71.97934110355568,72.53815618780924,69.15585554306764,69.77349090576172,92100,0.0,0
2021-08-18,69.54800962223848,71.81268014526421,68.98919452643904,68.99899291992188,47900,0.0,0
2021-08-19,68.62644831339519,70.71465040510036,68.59703817515401,70.58720397949219,95800,0.0,0
2021-08-20,70.26368418670302,71.87150338754923,70.26368418670302,71.81268310546875,70600,0.0,0
2021-08-23,72.26365741674584,73.08717877985205,71.74405830272997,72.78325653076172,80500,0.0,0
2021-08-24,72.67541176225005,73.48912722252601,71.97934434384081,72.65580749511719,73900,0.0,0
2021-08-25,72.94011343594586,73.763627238566,72.04796600341797,72.04796600341797,37900,0.0,0
2021-08-26,72.21464458600934,72.4597390775779,70.66564560417042,71.13622283935547,53200,0.0,0
2021-08-27,71.47935484880126,73.09697236767757,71.29308065802827,72.35189056396484,73700,0.0,0
2021-08-30,72.68521605219284,72.83227423140008,71.4009234118084,71.93032836914062,55500,0.0,0
2021-08-31,71.7146464256669,72.12640335741057,70.665642349259,71.11661529541016,89000,0.0,0
2021-09-01,71.61660841649399,72.74403701505992,71.04798744072124,71.8224868774414,53800,0.0,0
2021-09-02,71.99895640658276,73.43030726363735,71.38131353368469,73.03815460205078,84100,0.0,0
2021-09-03,73.03815182780839,73.15579986572266,72.41071058497822,73.15579986572266,58500,0.0,0
2021-09-07,73.16559817704214,73.469520404724,72.64599909962716,72.84207916259766,61600,0.0,0
2021-09-08,72.47934601485447,72.7538506587693,71.61661606545208,72.13621520996094,104800,0.0,0
2021-09-09,72.038163600496,72.27345217676371,71.12641195280855,71.26366424560547,49300,0.0,0
2021-09-10,71.50876018988217,72.01855336240708,69.29310423459002,69.37153625488281,73000,0.0,0
2021-09-13,69.9989841495664,69.9989841495664,68.40096337201287,69.09703826904297,76500,0.0,0
2021-09-14,69.43154953645745,69.66767570393681,66.91285039983626,68.28042602539062,121100,0.25,0
2021-09-15,68.38865504061847,69.28397086362331,66.75543083798263,68.7822036743164,106100,0.0,0
2021-09-16,69.00848671442564,69.31348332962206,67.38510334732797,68.01477813720703,54900,0.0,0
2021-09-17,67.9951092914432,71.43864684633081,67.11946748513422,68.53623962402344,228200,0.0,0
2021-09-20,67.23752402946144,67.55236894173476,65.9289855178258,66.67671966552734,93400,0.0,0
2021-09-21,67.21784365355515,67.91638884775054,66.24381669334637,67.50316619873047,52100,0.0,0
2021-09-22,68.35913496812123,68.91993928861193,67.06042983086301,68.2607421875,57100,0.0,0
2021-09-23,68.57558310690375,69.92348470401123,68.57558310690375,69.8546142578125,106900,0.0,0
2021-09-24,69.60864012355168,70.84831553352727,69.2741287069078,70.13008880615234,96600,0.0,0
2021-09-27,70.42526099418806,72.20605936247625,70.42526099418806,71.70428466796875,65600,0.0,0
2021-09-28,71.21235060990078,72.42251133978634,70.74993903655559,72.31428527832031,172900,0.0,0
2021-09-29,72.34380182253304,73.43589573673522,72.19622014374323,72.73735046386719,87300,0.0,0
2021-09-30,73.42604848130307,74.74443518756162,72.81605527202828,73.56378936767578,159100,0.0,0
2021-10-01,74.20331183267143,76.3678256177553,71.96993510429688,76.00379180908203,137300,0.0,0
2021-10-04,76.23008328712204,76.8204024878543,75.28556355837138,75.78733825683594,92900,0.0,0
2021-10-05,76.1513672760507,77.16474988315434,75.9054003323337,76.89910888671875,84700,0.0,0
2021-10-06,76.6432979775475,78.21748485063692,76.6432979775475,77.68619537353516,86200,0.0,0
2021-10-07,78.34538194878068,79.05376789107899,77.50909590824538,77.86328887939453,152600,0.0,0
2021-10-08,77.88297414496087,78.54216373130643,76.22023525714086,76.74168395996094,70000,0.0,0
2021-10-11,76.80071570989821,76.80071570989821,75.86604433109817,75.94475555419922,70200,0.0,0
2021-10-12,75.93492091564984,76.64330696821632,75.93492091564984,76.40718078613281,70000,0.0,0
2021-10-13,76.47604390483365,77.17458911017975,76.00378407961846,76.61378479003906,52200,0.0,0
2021-10-14,77.24346886416592,77.28282447987094,76.61379402551779,76.96798706054688,49800,0.0,0
2021-10-15,77.85346044512684,78.59136133430351,76.53508112616286,78.10926818847656,92400,0.0,0
2021-10-18,77.58781510221128,78.18797505912079,76.40717674787666,76.64330291748047,54800,0.0,0
2021-10-19,76.54491951678534,77.43039455110075,74.08524996298524,74.96089172363281,91100,0.0,0
2021-10-20,74.73459615280191,75.17734116046303,74.24266225961104,74.66572570800781,50800,0.0,0
2021-10-21,74.57718582727186,75.62992412362183,74.03605550873479,74.84282684326172,72500,0.0,0
2021-10-22,74.91168750514817,75.7873291743308,74.51813891638501,75.57087707519531,39100,0.0,0
2021-10-25,75.83652610606222,76.91877910317754,75.38394785295273,76.59410095214844,50000,0.0,0
2021-10-26,77.21394391268738,82.94005388702281,77.21394391268738,82.3792495727539,107000,0.0,0
2021-10-27,81.90700014899758,84.11086207526215,81.90700014899758,83.62876892089844,106800,0.0,0
2021-10-28,84.26827248008303,89.33519278509296,84.05182037871838,88.4792251586914,153800,0.0,0
2021-10-29,89.3352039711738,90.9684207023383,88.3021397239659,90.88970947265625,146700,0.0,0
2021-11-01,91.24390046387659,93.22147690419307,87.80036305844465,89.44342803955078,119200,0.0,0
2021-11-02,89.72874286184778,89.72874286184778,87.7610072069273,88.55794525146484,100000,0.0,0
2021-11-03,88.68583374683679,90.51582826664591,88.68583374683679,89.47293090820312,139300,0.0,0
2021-11-04,89.50245212162959,91.15535027333476,89.50245212162959,90.0730972290039,103100,0.0,0
2021-11-05,91.0077630015462,93.67404358980667,90.20099178113644,93.48710632324219,116200,0.0,0
2021-11-08,94.4119496981622,94.53984980516191,92.54259944598262,92.65082550048828,103700,0.0,0
2021-11-09,88.94164842814735,94.67759936222649,88.5480998165883,92.6606674194336,109500,0.0,0
2021-11-10,94.30373136412076,94.30373136412076,90.93890513851491,91.08648681640625,72100,0.0,0
2021-11-11,91.42099828039838,92.27696600711535,90.73229379199341,91.08648681640625,58500,0.0,0
2021-11-12,91.57841615525953,92.70002484099481,90.9290598075625,91.6571273803711,36800,0.0,0
2021-11-15,91.8539036802425,92.9066419864093,91.11600278789243,91.91293334960938,70100,0.0,0
2021-11-16,92.44422517686117,95.04163578160187,92.44422517686117,94.24470520019531,81800,0.0,0
2021-11-17,94.4414620384106,95.16952956884282,93.60517596264319,94.53001403808594,66800,0.0,0
2021-11-18,91.60793093873797,93.4280848571476,91.26357871195488,92.40486145019531,107000,0.0,0
2021-11-19,92.12938202518028,92.75905682920768,90.87003241712547,91.06680297851562,82200,0.0,0
2021-11-22,91.8243841148397,92.53277013601085,89.10890686912217,90.1714859008789,62000,0.0,0
2021-11-23,89.3155096979097,90.09276609117849,88.74486462341137,89.6205062866211,104700,0.0,0
2021-11-24,89.10890596918192,89.10890596918192,87.41665215932272,87.4461669921875,48700,0.0,0
2021-11-26,85.67520827995958,85.67520827995958,81.71022231849729,83.7665023803711,53000,0.0,0
2021-11-29,86.53117131628426,87.45600946429371,84.87827308703105,87.05262756347656,120400,0.0,0
2021-11-30,85.9802046009297,86.95423160031048,85.40955948762966,86.4131088256836,128800,0.0,0
2021-12-01,87.5642291921684,89.74841678426438,86.09826835577563,87.94793701171875,146100,0.0,0
2021-12-02,88.2431074917251,90.72245110416584,87.78068841366962,90.52568054199219,130200,0.0,0
2021-12-03,90.51583756619789,92.29663588151188,88.87278014232722,89.07939147949219,89800,0.0,0
2021-12-06,89.99439028986158,92.58195994249859,89.63035649583243,92.21793365478516,97000,0.0,0
2021-12-07,92.68034281910006,96.18291725593167,92.35567215318716,94.98259735107422,139900,0.0,0
2021-12-08,95.27775051680558,96.419040724329,92.87711828061671,93.939697265625,100700,0.0,0
2021-12-09,93.38872662229248,94.64807616277459,93.38872662229248,93.53630828857422,62900,0.0,0
2021-12-10,94.83501568130534,97.17661831932335,93.70356622149795,94.98259735107422,68700,0.0,0
2021-12-13,94.80549671961543,95.3367862038552,91.26357433099889,92.3655014038086,61000,0.0,0
2021-12-14,92.31618176371195,94.20038284806755,91.60590432985892,92.19779968261719,166900,0.25,0
2021-12-15,91.75388681214642,93.95376608186731,88.88318322647143,93.4901123046875,157600,0.0,0
2021-12-16,93.88470602870187,99.34002093594519,92.48388525306139,92.52334594726562,155300,0.0,0
2021-12-17,92.68118025386173,93.87484554389988,90.69833119320703,93.61835479736328,583800,0.0,0
2021-12-20,92.30631900879881,93.43092248933665,89.92887043199795,93.20403289794922,166800,0.0,0
2021-12-21,93.91429506794161,96.90338041505888,93.10536969226946,96.21282958984375,108200,0.0,0
2021-12-22,97.15000329726197,99.75434875488281,95.44336412076625,99.75434875488281,153800,0.0,0
2021-12-23,100.0996246569194,101.60896043784689,97.66298139171691,100.76057434082031,97400,0.0,0
2021-12-27,100.54354098488218,102.44747611312478,100.07002772966808,102.3291015625,141300,0.0,0
2021-12-28,101.85558548582263,105.25898944792927,101.85558548582263,103.72992706298828,129900,0.0,0
2021-12-29,103.4142485709706,105.6535883878263,103.4142485709706,104.6572265625,66500,0.0,0
2021-12-30,105.09128813380858,105.84102627701813,103.57208526330723,103.95681762695312,76500,0.0,0
2021-12-31,104.02587680886629,106.01860058014854,104.02587680886629,105.456298828125,74200,0.0,0
2022-01-03,105.58453574360065,106.778193531523,104.18371495377686,105.37737274169922,63000,0.0,0
2022-01-04,105.50561919450327,106.88671346356234,104.03574400328125,104.23304748535156,64800,0.0,0
2022-01-05,104.02587064385656,104.02587064385656,101.64842215825392,102.21072387695312,76200,0.0,0
2022-01-06,102.26990877708046,103.5523549607539,98.97501992953556,99.67543029785156,81400,0.0,0
2022-01-07,99.37947979313539,100.16867860991643,98.31407117474599,98.5804214477539,46200,0.0,0
2022-01-10,97.83068810565481,98.58042626560244,94.47660425995026,95.55188751220703,80900,0.0,0
2022-01-11,95.93661417437943,95.93661417437943,93.54929869225283,95.2460708618164,75900,0.0,0
2022-01-12,96.06485828455163,97.26838311182013,94.80214617933808,96.6567611694336,92400,0.0,0
2022-01-13,96.79487109556057,97.74190518679863,95.44337052947857,95.85769653320312,95100,0.0,0
2022-01-14,95.37431353064342,95.9859429902599,94.13132802784247,94.91065979003906,59600,0.0,0
2022-01-18,93.82552003948913,96.38053793186114,90.64900561280982,92.28659057617188,101000,0.0,0
2022-01-19,93.05605531217113,94.67390616505651,92.68118247524244,92.94754028320312,75100,0.0,0
2022-01-20,93.5197010888111,93.84523862158365,89.34682517308862,89.74142456054688,73300,0.0,0
2022-01-21,89.05088239106453,90.77724829313232,88.48858065544535,88.74507141113281,109500,0.0,0
2022-01-24,87.20613553857625,91.22116878407796,87.03843324099185,90.85616302490234,197700,0.0,0
2022-01-25,91.17184075157122,94.50619774162429,89.73155935507464,93.66767120361328,166500,0.0,0
2022-01-26,93.38159669012418,97.50513752169634,93.38159669012418,95.5420150756836,150600,0.0,0
2022-01-27,95.72944776891869,97.7221637758378,94.51605596139318,95.59133911132812,144400,0.0,0
2022-01-28,95.79850828832689,96.7948701193512,91.94131010196372,96.29175567626953,140400,0.0,0
2022-01-31,96.33121948871869,98.92569812379163,96.06486167584724,97.63339233398438,107900,0.0,0
2022-02-01,97.54460339533378,99.01448607054324,96.87378662834824,97.89974212646484,84900,0.0,0
2022-02-02,98.37325673952758,98.64947406268588,95.413772517647,95.97607421875,79300,0.0,0
2022-02-03,95.15728504840851,97.08095437456495,94.67390471626693,94.9698486328125,47400,0.0,0
2022-02-04,95.22633692390356,96.07472301021588,94.2299751199586,94.78241729736328,65900,0.0,0
2022-02-07,94.78242385297614,95.35459265333891,93.53943827579174,94.55552673339844,80100,0.0,0
2022-02-08,94.85147680277504,97.70244618100737,94.85147680277504,97.2387924194336,85300,0.0,0
2022-02-09,98.04772093833436,99.96152332451788,97.38677120595328,99.24137878417969,73600,0.0,0
2022-02-10,97.75175652077768,98.95528126281685,95.64065845818206,96.68634796142578,81400,0.0,0
2022-02-11,97.07108443002947,97.71230751966169,94.62457415040977,95.14741516113281,59400,0.0,0
2022-02-14,95.41377038838296,95.6406599589036,93.58875666422199,94.86133575439453,113100,0.0,0
2022-02-15,95.75905002506636,96.67649049098411,94.90079683876975,95.8182373046875,80400,0.0,0
2022-02-16,95.3052568796877,96.20296317416518,95.25592913243132,95.48282623291016,123300,0.0,0
2022-02-17,95.04877453038395,96.06486299214198,94.64431556734273,94.85147857666016,68200,0.0,0
2022-02-18,94.55552517358616,95.95634598472479,93.13497777802444,93.83538818359375,89300,0.0,0
2022-02-22,93.49997343331215,93.49997343331215,90.96468216633048,91.10279083251953,86200,0.0,0
2022-02-23,91.96104435620491,92.54307266223661,89.28764441253362,89.51453399658203,89600,0.0,0
2022-02-24,88.24194901260196,90.39250778666303,86.48598962876774,90.23467254638672,90300,0.0,0
2022-02-25,90.60954444683352,93.21389007568361,90.48130283434335,93.2138900756836,57500,0.0,0
2022-02-28,92.06956041035367,93.34213959058933,90.5108968383108,91.6256332397461,112900,0.0,0
2022-03-01,91.12252679169889,91.94131175033127,88.45898633324074,88.81412506103516,104500,0.0,0
2022-03-02,87.99533630828341,91.35928730969323,87.99533630828341,90.08670806884766,116100,0.0,0
2022-03-03,90.66873620639147,90.66873620639147,85.84476994819195,86.97924041748047,159800,0.0,0
2022-03-04,86.04207629135526,88.3406109451133,84.44395203129127,84.91747283935547,167000,0.0,0
2022-03-07,84.96678837404649,84.98652248340404,78.99849977415927,79.38323211669922,140900,0.0,0
2022-03-08,79.797558096918,81.71136028129641,77.91335707657592,79.38323211669922,119300,0.0,0
2022-03-09,81.12933007161337,89.12980348466118,81.12933007161337,81.47460174560547,66800,0.0,0
2022-03-10,79.99485583310458,82.41177249150276,79.1168761058665,82.08622741699219,137200,0.0,0
2022-03-11,82.32298374883534,82.94448025723699,79.45228794450907,80.00472259521484,73500,0.0,0
2022-03-14,80.81866727826652,80.81866727826652,78.69447294595005,79.62753295898438,85000,0.5,0
2022-03-15,80.27273487471244,82.25796381371121,80.14369014692718,82.13884735107422,114700,0.0,0
2022-03-16,83.09175831025911,84.10422933414753,81.4638711473871,83.77666473388672,119700,0.0,0
2022-03-17,83.50864728022283,84.26303634950463,83.19101097311159,83.80643463134766,106000,0.0,0
2022-03-18,83.92555730916739,85.80159807043302,83.00242553989006,85.3648452758789,233600,0.0,0
2022-03-21,85.01742531595619,85.73210889935379,84.51118984887506,85.23580169677734,54700,0.0,0
2022-03-22,85.7817411998265,87.06221478265365,85.52366688865634,86.29790496826172,63500,0.0,0
2022-03-23,85.56336453252106,85.84130294628564,84.89831465322686,85.30529022216797,111200,0.0,0
2022-03-24,86.14900864351948,86.14900864351948,83.81636621093834,84.60053253173828,51200,0.0,0
2022-03-25,85.04720833876745,85.89092912610087,84.08437108839206,85.30529022216797,58200,0.0,0
2022-03-28,85.56335894942791,86.46664169586595,84.68986099659246,85.98026275634766,100600,0.0,0
2022-03-29,87.00266116935647,88.83899645293616,87.00266116935647,88.31291198730469,83700,0.0,0
2022-03-30,88.30298254731638,88.53128720808695,86.69494437588831,87.47911071777344,82400,0.0,0
2022-03-31,87.4989639083243,87.98534286073463,86.98280016152191,87.39970397949219,92500,0.0,0
2022-04-01,87.35007502523702,89.01766766954981,86.58576520090712,88.34268951416016,185300,0.0,0
2022-04-04,88.46180303147283,89.94079645023314,87.57837677161187,88.78936004638672,118300,0.0,0
2022-04-05,88.93825088350331,89.32536990305312,86.44678655859407,86.5956802368164,99200,0.0,0
2022-04-06,85.7916666218776,87.16147182708771,84.56082683286067,86.02989196777344,94600,0.0,0
2022-04-07,85.94056180998041,86.86369356119263,85.34499464827353,85.93063354492188,87800,0.0,0
2022-04-08,85.88100072258219,86.21849358080037,84.53105200885165,84.8089828491211,76200,0.0,0
2022-04-11,84.45164044099718,86.18871575353909,84.45164044099718,84.99757385253906,68700,0.0,0
2022-04-12,85.85121845464795,86.85376113216957,84.17370524645284,84.58067321777344,71900,0.0,0
2022-04-13,84.55090078603517,87.60815516858169,84.55090078603517,86.48649597167969,70000,0.0,0
2022-04-14,86.81405558959533,87.26073661895133,85.21594577997429,85.29535675048828,84400,0.0,0
2022-04-18,85.33506565316405,85.33506565316405,83.22079202357857,83.4490966796875,57200,0.0,0
2022-04-19,83.14139063244859,84.97772589848847,83.14139063244859,84.12407684326172,221500,0.0,0
2022-04-20,84.49134343742308,85.4839578724692,82.5855179666187,83.7965087890625,125300,0.0,0
2022-04-21,84.89831040642463,85.77181594560943,82.88330433897306,83.45902252197266,101100,0.0,0
2022-04-22,83.37961677337728,83.75680755153115,81.20578862698187,81.29512786865234,59900,0.0,0
2022-04-25,81.05689599178524,82.43662940964764,79.66723430941425,81.8807601928711,95800,0.0,0
2022-04-26,81.17600482625238,81.32489850160634,78.99225616455078,78.99225616455078,89500,0.0,0
2022-04-27,79.15107081636816,81.52341864693025,78.78380833195914,80.69955444335938,81800,0.0,0
2022-04-28,81.16607647504242,83.31012722253634,80.89807391812913,82.3472900390625,94500,0.0,0
2022-04-29,81.90061896626392,82.76418867600214,80.95763071132765,81.12638092041016,76600,0.0,0
2022-05-02,81.12638137966688,82.3075874116485,79.89553402350101,81.6524658203125,125500,0.0,0
2022-05-03,81.26534511247426,81.48371392303316,79.87568341292962,80.2925796508789,121500,0.0,0
2022-05-04,80.46132112167783,81.76165113989178,78.57535981352763,81.38445281982422,94600,0.0,0
2022-05-05,80.56059361209087,80.56059361209087,77.47356202018797,78.72425079345703,77300,0.0,0
2022-05-06,78.30735338628108,80.33228777386454,76.75887726703084,79.81613159179688,106600,0.0,0
2022-05-09,79.13122193609799,80.56058910913622,77.8507484390924,78.3073501586914,130300,0.0,0
2022-05-10,79.5779014762695,79.5779014762695,77.2353306849028,77.91030883789062,148900,0.0,0
2022-05-11,77.84082071871865,77.84082071871865,67.61689677334289,68.02386474609375,209100,0.0,0
2022-05-12,67.49778169470393,72.01418041084783,66.66398920294964,71.52779388427734,127500,0.0,0
2022-05-13,73.09612620765286,74.76371875727048,71.32927372938896,72.46085357666016,109400,0.0,0
2022-05-16,73.48324794097515,73.89022350839764,70.60466446577237,71.02156829833984,219300,0.0,0
2022-05-17,72.12337283625483,73.96962882961003,71.27964445713118,73.6222152709961,94200,0.0,0
2022-05-18,72.35166270271449,74.19792608471298,69.26463132598838,70.04879760742188,140600,0.0,0
2022-05-19,69.47308214593816,71.08112025602645,68.34150229652138,70.06864929199219,132300,0.0,0
2022-05-20,70.78333621637181,70.9421581683938,68.98670642914622,70.86274719238281,77800,0.0,0
2022-05-23,71.04141621134794,72.0935851098273,69.81057640812234,70.68407440185547,77900,0.0,0
2022-05-24,70.12821312626119,70.92230015057605,67.87497406074819,68.7881851196289,84400,0.0,0
2022-05-25,68.42091697687367,69.94954419751933,68.2918798197004,69.21501159667969,100300,0.0,0
2022-05-26,69.52271552616351,71.23001355598245,68.64921755481183,70.75355529785156,85600,0.0,0
2022-05-27,70.77340974347753,73.76117363464141,70.77340974347753,73.4336166381836,92600,0.0,0
2022-05-31,73.18546876653977,74.09867226841224,71.7163960075318,73.25495147705078,190000,0.0,0
2022-06-01,73.4931731043652,73.73139844645853,69.21500734617578,72.18292236328125,63800,0.0,0
2022-06-02,72.08366268120113,74.49571605063937,71.90499178075953,73.89022064208984,84000,0.0,0
2022-06-03,73.44353920586683,73.67184385582148,72.45092478058882,72.64945220947266,54400,0.0,0
2022-06-06,73.18546560182645,73.51302260975828,72.01418026597048,72.95716094970703,66600,0.0,0
2022-06-07,72.25240754672073,74.08874278551443,71.1406766237688,73.38398742675781,367700,0.0,0
2022-06-08,73.16561343802272,73.81081437367975,72.13329345558098,72.16307067871094,113200,0.0,0
2022-06-09,72.25240690757816,72.39137232508696,70.15798980692061,70.1877670288086,74400,0.0,0
2022-06-10,69.35397775150867,70.23740404952113,68.32165776407943,69.7708740234375,67600,0.0,0
2022-06-13,68.23231691131451,69.8701323101605,66.70368971059476,67.19999694824219,151100,0.0,0
2022-06-14,67.0999984741211,69.0199966430664,66.69000244140625,67.0,139600,0.5,0
2022-06-15,67.80999755859375,68.47000122070312,66.55999755859375,67.16999816894531,179500,0.0,0
2022-06-16,66.11000061035156,68.23999786376953,64.5199966430664,64.73999786376953,238000,0.0,0
2022-06-17,65.38999938964844,66.91999816894531,65.13999938964844,66.33999633789062,186300,0.0,0
2022-06-21,67.33000183105469,69.70999908447266,66.83000183105469,69.0199966430664,114300,0.0,0
2022-06-22,68.69999694824219,70.66999816894531,66.51000213623047,69.36000061035156,93800,0.0,0
2022-06-23,69.4800033569336,71.55999755859375,69.25,70.66000366210938,67900,0.0,0
2022-06-24,70.8499984741211,73.70999908447266,70.8499984741211,73.70999908447266,162700,0.0,0
2022-06-27,74.04000091552734,74.08999633789062,72.0999984741211,73.08999633789062,82400,0.0,0
2022-06-28,73.45999908447266,73.97000122070312,71.94000244140625,72.02999877929688,70300,0.0,0
2022-06-29,71.93000030517578,71.93000030517578,70.83999633789062,71.61000061035156,59600,0.0,0
2022-06-30,71.22000122070312,73.97000122070312,70.0,73.05999755859375,114300,0.0,0
2022-07-01,72.75,74.08999633789062,72.6500015258789,73.62999725341797,70100,0.0,0
2022-07-05,72.37999725341797,75.47000122070312,72.2300033569336,75.2300033569336,94900,0.0,0
2022-07-06,75.44999694824219,77.27999877929688,72.73999786376953,72.93000030517578,70800,0.0,0
2022-07-07,73.41000366210938,73.41000366210938,71.55000305175781,71.88999938964844,71500,0.0,0
2022-07-08,71.4000015258789,72.5,70.01000213623047,71.58999633789062,70800,0.0,0
2022-07-11,71.48999786376953,71.56999969482422,68.86000061035156,70.0199966430664,58300,0.0,0
2022-07-12,70.04000091552734,71.91999816894531,70.04000091552734,71.0199966430664,50700,0.0,0
2022-07-13,70.4000015258789,72.2699966430664,70.37000274658203,72.0999984741211,47900,0.0,0
2022-07-14,71.68000030517578,72.05999755859375,69.98999786376953,70.73999786376953,53600,0.0,0
2022-07-15,71.93000030517578,73.30999755859375,71.20999908447266,72.20999908447266,93800,0.0,0
2022-07-18,72.4000015258789,73.70999908447266,71.87999725341797,72.11000061035156,64900,0.0,0
2022-07-19,72.87999725341797,76.13999938964844,72.77999877929688,75.04000091552734,70400,0.0,0
2022-07-20,75.11000061035156,76.55999755859375,74.43000030517578,76.26000213623047,75000,0.0,0
2022-07-21,77.08000183105469,81.69000244140625,76.47000122070312,80.5199966430664,167800,0.0,0
2022-07-22,80.36000061035156,81.7300033569336,80.2300033569336,80.83000183105469,95800,0.0,0
2022-07-25,80.83000183105469,81.61000061035156,79.83000183105469,81.33000183105469,88400,0.0,0
2022-07-26,81.91999816894531,83.12000274658203,81.04000091552734,81.98999786376953,125200,0.0,0
