Date,Open,High,Low,Close,Volume,Dividends,Stock Splits
2019-07-22,52.08000183105469,52.64799880981445,50.08000183105469,50.63999938964844,56063,0,0.0
2019-07-23,51.040000915527344,52.720001220703125,50.08000183105469,52.0,36400,0,0.0
2019-07-24,52.15999984741211,52.47999954223633,50.47999954223633,51.52000045776367,27700,0,0.0
2019-07-25,51.439998626708984,52.31999969482422,50.79999923706055,51.279998779296875,29350,0,0.0
2019-07-26,51.599998474121094,52.2400016784668,51.040000915527344,51.84000015258789,22175,0,0.0
2019-07-29,52.0,52.0,50.560001373291016,51.279998779296875,32975,0,0.0
2019-07-30,50.959999084472656,53.119998931884766,50.47999954223633,52.560001373291016,21238,0,0.0
2019-07-31,52.959999084472656,53.79999923706055,51.439998626708984,53.119998931884766,53500,0,0.0
2019-08-01,53.279998779296875,53.68000030517578,52.36800003051758,53.20000076293945,22500,0,0.0
2019-08-02,52.720001220703125,52.720001220703125,51.20000076293945,51.599998474121094,27763,0,0.0
2019-08-05,55.599998474121094,56.400001525878906,51.20000076293945,55.7599983215332,74500,0,0.0
2019-08-06,56.63999938964844,59.91999816894531,53.12799835205078,53.84000015258789,56288,0,0.0
2019-08-07,53.439998626708984,54.880001068115234,52.47999954223633,53.439998626708984,25100,0,0.0
2019-08-08,53.68000030517578,56.720001220703125,53.599998474121094,56.31999969482422,28150,0,0.0
2019-08-09,56.15999984741211,57.599998474121094,54.63999938964844,54.720001220703125,25988,0,0.0
2019-08-12,55.52000045776367,55.599998474121094,53.91999816894531,54.880001068115234,19138,0,0.0
2019-08-13,54.959999084472656,56.63999938964844,54.959999084472656,55.84000015258789,23563,0,0.0
2019-08-14,55.279998779296875,55.68000030517578,53.439998626708984,53.91999816894531,35100,0,0.0
2019-08-15,53.68000030517578,54.0,50.720001220703125,52.0,56638,0,0.0
2019-08-16,52.2400016784668,54.560001373291016,51.439998626708984,54.2400016784668,26975,0,0.0
2019-08-19,54.959999084472656,55.91999816894531,53.119998931884766,55.68000030517578,28138,0,0.0
2019-08-20,55.68000030517578,56.52799987792969,54.400001525878906,55.599998474121094,24025,0,0.0
2019-08-21,55.84000015258789,58.880001068115234,54.880001068115234,58.47999954223633,32000,0,0.0
2019-08-22,58.400001525878906,58.79199981689453,56.400001525878906,57.20000076293945,20788,0,0.0
2019-08-23,56.959999084472656,57.36000061035156,54.0,54.2400016784668,22725,0,0.0
2019-08-26,54.79999923706055,55.119998931884766,52.79999923706055,54.0,18913,0,0.0
2019-08-27,54.2400016784668,54.31999969482422,51.560001373291016,51.7599983215332,23825,0,0.0
2019-08-28,52.0,54.79999923706055,51.28799819946289,53.599998474121094,17663,0,0.0
2019-08-29,54.2400016784668,56.0,53.560001373291016,55.20000076293945,15550,0,0.0
2019-08-30,55.20000076293945,57.599998474121094,54.959999084472656,57.119998931884766,35725,0,0.0
2019-09-03,56.31999969482422,57.20000076293945,55.119998931884766,56.47999954223633,47488,0,0.0
2019-09-04,57.040000915527344,59.279998779296875,56.63999938964844,58.2400016784668,28388,0,0.0
2019-09-05,59.040000915527344,59.599998474121094,57.52000045776367,59.119998931884766,30988,0,0.0
2019-09-06,59.36000061035156,59.84000015258789,57.119998931884766,59.52000045776367,20488,0,0.0
2019-09-09,60.15999984741211,60.56800079345703,58.15999984741211,59.20000076293945,31088,0,0.0
2019-09-10,59.279998779296875,60.959999084472656,57.599998474121094,60.79999923706055,31013,0,0.0
2019-09-11,61.20000076293945,68.31999969482422,61.20000076293945,68.16000366210938,53275,0,0.0
2019-09-12,67.68000030517578,68.63999938964844,64.4000015258789,64.55999755859375,40563,0,0.0
2019-09-13,64.80000305175781,66.23999786376953,63.279998779296875,64.0,36925,0,0.0
2019-09-16,63.279998779296875,65.44000244140625,63.20000076293945,64.87999725341797,31350,0,0.0
2019-09-17,64.72000122070312,65.44000244140625,63.7599983215332,64.87999725341797,34825,0,0.0
2019-09-18,68.80000305175781,68.80000305175781,64.63999938964844,67.36000061035156,42900,0,0.0
2019-09-19,67.83999633789062,70.63999938964844,65.83999633789062,69.27999877929688,41025,0,0.0
2019-09-20,69.27999877929688,70.63999938964844,67.44000244140625,69.04000091552734,35663,0,0.0
2019-09-23,68.4800033569336,68.83999633789062,66.55999755859375,67.12000274658203,31950,0,0.0
2019-09-24,67.36000061035156,67.49600219726562,65.19999694824219,65.68000030517578,32563,0,0.0
2019-09-25,66.4800033569336,68.16000366210938,66.4800033569336,66.55999755859375,27588,0,0.0
2019-09-26,66.4000015258789,66.4000015258789,63.36000061035156,65.80000305175781,31388,0,0.0
2019-09-27,66.80000305175781,68.63999938964844,65.04000091552734,65.44000244140625,30325,0,0.0
2019-09-30,65.5999984741211,66.01599884033203,60.959999084472656,62.0,50050,0,0.0
2019-10-01,46.15999984741211,50.720001220703125,44.560001373291016,45.68000030517578,266275,0,0.0
2019-10-02,46.08000183105469,47.119998931884766,39.119998931884766,39.7599983215332,102525,0,0.0
2019-10-03,40.08000183105469,41.279998779296875,37.88800048828125,40.2400016784668,54875,0,0.0
2019-10-04,39.91999816894531,41.040000915527344,36.79999923706055,37.63999938964844,65563,0,0.0
2019-10-07,37.20000076293945,37.7599983215332,35.599998474121094,37.47999954223633,40488,0,0.0
2019-10-08,36.959999084472656,38.31999969482422,35.36000061035156,35.91999816894531,53050,0,0.0
2019-10-09,36.31999969482422,36.47999954223633,34.400001525878906,34.959999084472656,86288,0,0.0
2019-10-10,35.20000076293945,36.560001373291016,34.400001525878906,35.68000030517578,78688,0,0.0
2019-10-11,36.0,37.20000076293945,35.040000915527344,35.20000076293945,71125,0,0.0
2019-10-14,35.119998931884766,36.56800079345703,33.599998474121094,34.15999984741211,50113,0,0.0
2019-10-15,34.15999984741211,35.439998626708984,33.91999816894531,34.15999984741211,50638,0,0.0
2019-10-16,34.2400016784668,35.119998931884766,33.84000015258789,34.2400016784668,28013,0,0.0
2019-10-17,34.560001373291016,34.880001068115234,33.599998474121094,33.7599983215332,24925,0,0.0
2019-10-18,33.7599983215332,33.91999816894531,32.560001373291016,32.880001068115234,40338,0,0.0
2019-10-21,33.36000061035156,33.599998474121094,32.231998443603516,33.279998779296875,33350,0,0.0
2019-10-22,33.36000061035156,34.400001525878906,32.47999954223633,32.63999938964844,31325,0,0.0
2019-10-23,32.560001373291016,33.599998474121094,32.400001525878906,32.720001220703125,37750,0,0.0
2019-10-24,33.040000915527344,33.279998779296875,32.47999954223633,33.040000915527344,17800,0,0.0
2019-10-25,33.20000076293945,33.20000076293945,32.400001525878906,32.63999938964844,26275,0,0.0
2019-10-28,32.880001068115234,33.82400131225586,32.08000183105469,33.68000030517578,42425,0,0.0
2019-10-29,33.52000045776367,35.20000076293945,33.119998931884766,35.20000076293945,41850,0,0.0
2019-10-30,35.279998779296875,36.79999923706055,34.560001373291016,36.720001220703125,34225,0,0.0
2019-10-31,36.959999084472656,40.0,36.2400016784668,37.91999816894531,75850,0,0.0
2019-11-01,38.400001525878906,38.71200180053711,35.7599983215332,36.959999084472656,54838,0,0.0
2019-11-04,38.79999923706055,39.84000015258789,36.0,37.20000076293945,52913,0,0.0
2019-11-05,37.20000076293945,39.91999816894531,36.79999923706055,39.119998931884766,50438,0,0.0
2019-11-06,39.20000076293945,43.040000915527344,39.20000076293945,41.279998779296875,58250,0,0.0
2019-11-07,41.599998474121094,42.720001220703125,40.79999923706055,41.84000015258789,35263,0,0.0
2019-11-08,41.68000030517578,42.63999938964844,41.36000061035156,42.15999984741211,36950,0,0.0
2019-11-11,41.68000030517578,41.7599983215332,39.7599983215332,41.68000030517578,30063,0,0.0
2019-11-12,41.439998626708984,42.63999938964844,40.720001220703125,41.52000045776367,36313,0,0.0
2019-11-13,41.439998626708984,41.7599983215332,40.2400016784668,41.36000061035156,28188,0,0.0
2019-11-14,41.20000076293945,42.400001525878906,40.72800064086914,41.52000045776367,16138,0,0.0
2019-11-15,42.0,42.0,40.79999923706055,41.279998779296875,41013,0,0.0
2019-11-18,41.20000076293945,41.20000076293945,38.560001373291016,40.959999084472656,46950,0,0.0
2019-11-19,41.20000076293945,47.279998779296875,41.20000076293945,44.47999954223633,88588,0,0.0
2019-11-20,44.2400016784668,46.959999084472656,43.97600173950195,45.7599983215332,58375,0,0.0
2019-11-21,46.08000183105469,46.400001525878906,44.959999084472656,45.599998474121094,22938,0,0.0
2019-11-22,45.84000015258789,48.79999923706055,45.52000045776367,47.7599983215332,50938,0,0.0
2019-11-25,48.08000183105469,51.040000915527344,46.84000015258789,47.7599983215332,56225,0,0.0
2019-11-26,47.68000030517578,49.52000045776367,45.30400085449219,48.79999923706055,81363,0,0.0
2019-11-27,48.79999923706055,50.31999969482422,48.279998779296875,49.7599983215332,44538,0,0.0
2019-11-29,49.7599983215332,51.439998626708984,49.7599983215332,50.0,13713,0,0.0
2019-12-02,50.400001525878906,51.040000915527344,48.560001373291016,50.599998474121094,39300,0,0.0
2019-12-03,49.91999816894531,50.959999084472656,49.279998779296875,50.08000183105469,20813,0,0.0
2019-12-04,50.15999984741211,50.15999984741211,48.08000183105469,49.20000076293945,37213,0,0.0
2019-12-05,49.20000076293945,50.2400016784668,48.400001525878906,49.119998931884766,21800,0,0.0
2019-12-06,49.20000076293945,50.15999984741211,48.400001525878906,50.0,36188,0,0.0
2019-12-09,49.91999816894531,56.0,49.91999816894531,54.15999984741211,64113,0,0.0
2019-12-10,54.880001068115234,60.0,52.880001068115234,59.040000915527344,75813,0,0.0
2019-12-11,59.84000015258789,60.400001525878906,57.0,59.84000015258789,50800,0,0.0
2019-12-12,59.36000061035156,61.7599983215332,59.119998931884766,60.400001525878906,33550,0,0.0
2019-12-13,60.47999954223633,60.79999923706055,58.2400016784668,59.599998474121094,38388,0,0.0
2019-12-16,59.91999816894531,61.119998931884766,56.08000183105469,58.68000030517578,51800,0,0.0
2019-12-17,58.15999984741211,58.47999954223633,55.599998474121094,55.68000030517578,37788,0,0.0
2019-12-18,55.040000915527344,55.52000045776367,51.52000045776367,55.119998931884766,136988,0,0.0
2019-12-19,42.47999954223633,49.599998474121094,42.08000183105469,45.279998779296875,275663,0,0.0
2019-12-20,45.36000061035156,50.560001373291016,44.47999954223633,47.84000015258789,168738,0,0.0
2019-12-23,48.2400016784668,54.400001525878906,47.599998474121094,52.63999938964844,100525,0,0.0
2019-12-24,53.20000076293945,57.84000015258789,51.36000061035156,57.599998474121094,36600,0,0.0
2019-12-26,58.0,58.6879997253418,53.84000015258789,55.119998931884766,54963,0,0.0
2019-12-27,54.880001068115234,56.12799835205078,53.20000076293945,54.2400016784668,49375,0,0.0
2019-12-30,54.15999984741211,54.79999923706055,52.2400016784668,54.63999938964844,47425,0,0.0
2019-12-31,54.63999938964844,57.599998474121094,54.63999938964844,56.880001068115234,32850,0,0.0
2020-01-02,56.720001220703125,65.5199966430664,55.20000076293945,61.119998931884766,86588,0,0.0
2020-01-03,60.15999984741211,64.0,58.47999954223633,60.31999969482422,56450,0,0.0
2020-01-06,59.7599983215332,60.08000183105469,56.15999984741211,57.599998474121094,37975,0,0.0
2020-01-07,57.68000030517578,59.68000030517578,56.31999969482422,58.720001220703125,30200,0,0.0
2020-01-08,59.119998931884766,60.599998474121094,58.560001373291016,60.08000183105469,38688,0,0.0
2020-01-09,60.15999984741211,63.84000015258789,59.79999923706055,62.400001525878906,49300,0,0.0
2020-01-10,62.63999938964844,65.04000091552734,61.599998474121094,62.560001373291016,71350,0,0.0
2020-01-13,62.31999969482422,62.599998474121094,60.2400016784668,61.20000076293945,29138,0,0.0
2020-01-14,61.119998931884766,62.119998931884766,59.599998474121094,61.52000045776367,29475,0,0.0
2020-01-15,61.599998474121094,64.80000305175781,61.599998474121094,64.72000122070312,27538,0,0.0
2020-01-16,64.87999725341797,72.72000122070312,64.16000366210938,72.5199966430664,69600,0,0.0
2020-01-17,72.55999755859375,73.83999633789062,65.91999816894531,66.87999725341797,45200,0,0.0
2020-01-21,67.04000091552734,70.08000183105469,66.23999786376953,68.55999755859375,45113,0,0.0
2020-01-22,68.87999725341797,69.19999694824219,67.04000091552734,67.44000244140625,42425,0,0.0
2020-01-23,67.27999877929688,68.4800033569336,65.19999694824219,67.83999633789062,38038,0,0.0
2020-01-24,67.83999633789062,67.91999816894531,60.959999084472656,64.08000183105469,41350,0,0.0
2020-01-27,61.7599983215332,66.80000305175781,61.279998779296875,65.44000244140625,50625,0,0.0
2020-01-28,66.4000015258789,68.0,64.87999725341797,67.91999816894531,34863,0,0.0
2020-01-29,67.91999816894531,68.78399658203125,64.31999969482422,64.4000015258789,39588,0,0.0
2020-01-30,63.84000015258789,65.12000274658203,62.847999572753906,64.4000015258789,22663,0,0.0
2020-01-31,63.84000015258789,65.44000244140625,62.08000183105469,65.04000091552734,22563,0,0.0
2020-02-03,65.36000061035156,68.0,65.36000061035156,66.4000015258789,27088,0,0.0
2020-02-04,67.27999877929688,67.27999877929688,64.95999908447266,66.4000015258789,32813,0,0.0
2020-02-05,67.27999877929688,71.19999694824219,66.95999908447266,69.83999633789062,39475,0,0.0
2020-02-06,70.55999755859375,71.44000244140625,68.87999725341797,69.76000213623047,21163,0,0.0
2020-02-07,69.44000244140625,70.08000183105469,67.19999694824219,67.5199966430664,20050,0,0.0
2020-02-10,67.91999816894531,71.83999633789062,67.89600372314453,69.0,20175,0,0.0
2020-02-11,69.36000061035156,69.36000061035156,67.76000213623047,67.83999633789062,19550,0,0.0
2020-02-12,68.31999969482422,68.81600189208984,65.19999694824219,66.87999725341797,31138,0,0.0
2020-02-13,66.63999938964844,67.27999877929688,64.95999908447266,66.0,18663,0,0.0
2020-02-14,65.91999816894531,71.5199966430664,65.27999877929688,69.76000213623047,39400,0,0.0
2020-02-18,70.0,73.04000091552734,70.0,72.63999938964844,57188,0,0.0
2020-02-19,73.12000274658203,76.4800033569336,73.12000274658203,73.83999633789062,79488,0,0.0
2020-02-20,73.5999984741211,74.4000015258789,69.5199966430664,72.0,32063,0,0.0
2020-02-21,72.0,73.12000274658203,70.4800033569336,71.44000244140625,23488,0,0.0
2020-02-24,69.19999694824219,72.55999755859375,67.12000274658203,71.91999816894531,45513,0,0.0
2020-02-25,72.80000305175781,73.83999633789062,63.040000915527344,63.119998931884766,63900,0,0.0
2020-02-26,62.720001220703125,64.95999908447266,58.63999938964844,58.79999923706055,48825,0,0.0
2020-02-27,57.52000045776367,60.31999969482422,54.720001220703125,57.439998626708984,50525,0,0.0
2020-02-28,54.0,58.2400016784668,53.055999755859375,58.2400016784668,41725,0,0.0
2020-03-02,58.0,62.560001373291016,57.36000061035156,60.400001525878906,66500,0,0.0
2020-03-03,60.720001220703125,62.400001525878906,59.119998931884766,61.84000015258789,54138,0,0.0
2020-03-04,62.720001220703125,70.31999969482422,62.720001220703125,69.12000274658203,54675,0,0.0
2020-03-05,68.08000183105469,70.55999755859375,66.95999908447266,68.08000183105469,56025,0,0.0
2020-03-06,65.68000030517578,69.36000061035156,64.72000122070312,67.44000244140625,44375,0,0.0
2020-03-09,57.7599983215332,63.599998474121094,56.400001525878906,57.599998474121094,45200,0,0.0
2020-03-10,58.63999938964844,59.040000915527344,54.15999984741211,58.08000183105469,91038,0,0.0
2020-03-11,56.400001525878906,57.279998779296875,50.52000045776367,50.880001068115234,79538,0,0.0
2020-03-12,48.79999923706055,49.439998626708984,39.54399871826172,43.7599983215332,103600,0,0.0
2020-03-13,46.560001373291016,50.63999938964844,41.279998779296875,50.47999954223633,53663,0,0.0
2020-03-16,42.0,44.84000015258789,40.0,41.68000030517578,65100,0,0.0
2020-03-17,42.560001373291016,48.0,39.279998779296875,46.15999984741211,66813,0,0.0
2020-03-18,44.79999923706055,45.599998474121094,35.040000915527344,36.560001373291016,58663,0,0.0
2020-03-19,36.560001373291016,43.439998626708984,35.36000061035156,38.880001068115234,62313,0,0.0
2020-03-20,39.599998474121094,42.63999938964844,38.880001068115234,39.20000076293945,58750,0,0.0
2020-03-23,38.47999954223633,42.08000183105469,37.279998779296875,41.68000030517578,30075,0,0.0
2020-03-24,43.439998626708984,45.52000045776367,40.08000183105469,43.7599983215332,55350,0,0.0
2020-03-25,43.84000015258789,46.15999984741211,42.0,44.15999984741211,31625,0,0.0
2020-03-26,44.400001525878906,49.119998931884766,43.119998931884766,48.31999969482422,31363,0,0.0
2020-03-27,47.040000915527344,50.880001068115234,44.63999938964844,50.0,40563,0,0.0
2020-03-30,50.400001525878906,52.31999969482422,49.84000015258789,51.20000076293945,43850,0,0.0
2020-03-31,50.79999923706055,51.91999816894531,46.720001220703125,48.15999984741211,39850,0,0.0
2020-04-01,46.79999923706055,47.119998931884766,43.20000076293945,44.720001220703125,51925,0,0.0
2020-04-02,44.47999954223633,46.15999984741211,43.599998474121094,45.52000045776367,44125,0,0.0
2020-04-03,44.880001068115234,46.0,41.327999114990234,42.47999954223633,59113,0,0.0
2020-04-06,44.560001373291016,46.79999923706055,44.2400016784668,45.599998474121094,37488,0,0.0
2020-04-07,46.08000183105469,46.560001373291016,43.47999954223633,44.0,44313,0,0.0
2020-04-08,44.63999938964844,46.400001525878906,43.52000045776367,45.7599983215332,28463,0,0.0
2020-04-09,46.560001373291016,49.119998931884766,46.08000183105469,46.79999923706055,33700,0,0.0
2020-04-13,46.47999954223633,48.560001373291016,46.400001525878906,47.119998931884766,22850,0,0.0
2020-04-14,47.279998779296875,52.79999923706055,46.79999923706055,51.91999816894531,33438,0,0.0
2020-04-15,50.47999954223633,52.959999084472656,48.400001525878906,52.31999969482422,40138,0,0.0
2020-04-16,53.040000915527344,54.959999084472656,50.31999969482422,51.84000015258789,33363,0,0.0
2020-04-17,53.279998779296875,55.119998931884766,52.2400016784668,55.040000915527344,25688,0,0.0
2020-04-20,54.560001373291016,57.040000915527344,53.30400085449219,55.279998779296875,22275,0,0.0
2020-04-21,54.47999954223633,55.63999938964844,52.79999923706055,54.959999084472656,41088,0,0.0
2020-04-22,55.20000076293945,58.720001220703125,54.0,58.08000183105469,37538,0,0.0
2020-04-23,57.599998474121094,64.0,57.599998474121094,62.720001220703125,37563,0,0.0
2020-04-24,62.720001220703125,66.80000305175781,61.20000076293945,65.5999984741211,57063,0,0.0
2020-04-27,67.5999984741211,71.68000030517578,65.83999633789062,69.91999816894531,51475,0,0.0
2020-04-28,72.0,72.87999725341797,64.23999786376953,66.72000122070312,68650,0,0.0
2020-04-29,68.0,72.63999938964844,68.0,70.4000015258789,59950,0,0.0
2020-04-30,71.83999633789062,74.16000366210938,68.4800033569336,71.76000213623047,52250,0,0.0
2020-05-01,70.0,75.36000061035156,68.95999908447266,75.12000274658203,59263,0,0.0
2020-05-04,78.31999969482422,80.55999755859375,71.76000213623047,78.0,53788,0,0.0
2020-05-05,79.91999816894531,84.80000305175781,75.44000244140625,76.23999786376953,54338,0,0.0
2020-05-06,76.95999908447266,83.27999877929688,76.95999908447266,78.31999969482422,42138,0,0.0
2020-05-07,80.55999755859375,86.55999755859375,79.44000244140625,84.55999755859375,55513,0,0.0
2020-05-08,86.72000122070312,97.5999984741211,86.72000122070312,91.91999816894531,115650,0,0.0
2020-05-11,92.08000183105469,101.27999877929688,91.36000061035156,100.4000015258789,101363,0,0.0
2020-05-12,102.08000183105469,107.59200286865234,98.80000305175781,102.4000015258789,118188,0,0.0
2020-05-13,102.0,109.27999877929688,97.44000244140625,98.4800033569336,161775,0,0.0
2020-05-14,101.44000244140625,104.4000015258789,96.31999969482422,100.5999984741211,95000,0,0.0
2020-05-15,100.4000015258789,102.63999938964844,97.83999633789062,101.5999984741211,78213,0,0.0
2020-05-18,104.63999938964844,111.12000274658203,99.44000244140625,101.44000244140625,181400,0,0.0
2020-05-19,103.19999694824219,104.0,97.5999984741211,98.4800033569336,108763,0,0.0
2020-05-20,101.44000244140625,109.68000030517578,98.31999969482422,109.44000244140625,140350,0,0.0
2020-05-21,110.23999786376953,118.54399871826172,106.63999938964844,116.55999755859375,147638,0,0.0
2020-05-22,116.55999755859375,118.95999908447266,114.16000366210938,114.23999786376953,116975,0,0.0
2020-05-26,116.4800033569336,121.72000122070312,115.5999984741211,117.5999984741211,71750,0,0.0
2020-05-27,116.16000366210938,117.31999969482422,108.87999725341797,113.68000030517578,102925,0,0.0
2020-05-28,109.04000091552734,114.4000015258789,99.27999877929688,107.76000213623047,211038,0,0.0
2020-05-29,40.0,44.0,14.479999542236328,29.68000030517578,10195913,0,0.0
2020-06-01,34.47999954223633,38.400001525878906,32.08000183105469,33.68000030517578,3080500,0,0.0
2020-06-02,33.20000076293945,33.599998474121094,30.799999237060547,31.200000762939453,1106188,0,0.0
2020-06-03,31.280000686645508,32.400001525878906,28.479999542236328,31.440000534057617,829538,0,0.0
2020-06-04,31.600000381469727,37.040000915527344,30.639999389648438,34.08000183105469,1012638,0,0.0
2020-06-05,34.0,35.20000076293945,31.280000686645508,31.360000610351562,1120713,0,0.0
2020-06-08,31.600000381469727,32.2400016784668,30.479999542236328,30.799999237060547,660288,0,0.0
2020-06-09,30.799999237060547,31.040000915527344,29.280000686645508,29.280000686645508,560150,0,0.0
2020-06-10,29.760000228881836,30.799999237060547,28.799999237060547,28.959999084472656,416913,0,0.0
2020-06-11,26.0,28.31999969482422,25.200000762939453,27.200000762939453,351000,0,0.0
2020-06-12,28.399999618530273,28.479999542236328,26.559999465942383,27.280000686645508,213588,0,0.0
2020-06-15,27.440000534057617,30.07200050354004,26.0,29.440000534057617,392038,0,0.0
2020-06-16,30.559999465942383,30.799999237060547,28.15999984741211,30.239999771118164,284713,0,0.0
2020-06-17,30.31999969482422,30.559999465942383,28.559999465942383,29.1200008392334,188688,0,0.0
2020-06-18,29.1200008392334,30.15999984741211,28.639999389648438,29.360000610351562,191863,0,0.0
2020-06-19,29.760000228881836,30.639999389648438,27.68000030517578,28.239999771118164,356063,0,0.0
2020-06-22,28.239999771118164,28.399999618530273,26.719999313354492,27.68000030517578,268225,0,0.0
2020-06-23,27.760000228881836,29.920000076293945,27.760000228881836,28.8799991607666,249900,0,0.0
2020-06-24,28.719999313354492,29.104000091552734,27.200000762939453,28.639999389648438,207950,0,0.0
2020-06-25,28.639999389648438,29.1200008392334,27.520000457763672,28.559999465942383,187213,0,0.0
2020-06-26,28.239999771118164,28.639999389648438,27.440000534057617,28.0,300988,0,0.0
2020-06-29,27.920000076293945,29.280000686645508,27.360000610351562,27.8799991607666,204513,0,0.0
2020-06-30,27.920000076293945,28.959999084472656,27.440000534057617,28.8799991607666,196775,0,0.0
2020-07-01,28.559999465942383,30.479999542236328,28.559999465942383,30.15999984741211,254038,0,0.0
2020-07-02,30.31999969482422,30.479999542236328,27.84000015258789,28.479999542236328,227463,0,0.0
2020-07-06,28.559999465942383,29.200000762939453,27.920000076293945,28.559999465942383,186075,0,0.0
2020-07-07,28.479999542236328,29.68000030517578,28.0,29.1200008392334,169113,0,0.0
2020-07-08,29.040000915527344,29.280000686645508,28.0,29.200000762939453,143300,0,0.0
2020-07-09,28.959999084472656,29.600000381469727,27.68000030517578,28.040000915527344,179700,0,0.0
2020-07-10,28.239999771118164,28.31999969482422,27.200000762939453,27.280000686645508,170575,0,0.0
2020-07-13,27.520000457763672,27.8799991607666,25.68000030517578,25.760000228881836,191063,0,0.0
2020-07-14,25.760000228881836,26.479999542236328,24.799999237060547,26.399999618530273,149488,0,0.0
2020-07-15,26.799999237060547,27.719999313354492,26.559999465942383,27.360000610351562,109613,0,0.0
2020-07-16,27.360000610351562,28.559999465942383,26.90399932861328,28.0,124988,0,0.0
2020-07-17,27.68000030517578,29.15999984741211,27.68000030517578,28.84000015258789,165275,0,0.0
2020-07-20,28.559999465942383,29.440000534057617,28.079999923706055,29.440000534057617,132313,0,0.0
2020-07-21,29.440000534057617,29.760000228881836,28.559999465942383,29.1200008392334,166563,0,0.0
2020-07-22,29.040000915527344,29.200000762939453,27.615999221801758,28.8799991607666,124350,0,0.0
2020-07-23,28.799999237060547,29.68000030517578,28.1200008392334,28.399999618530273,127075,0,0.0
2020-07-24,28.479999542236328,29.440000534057617,27.520000457763672,28.479999542236328,197200,0,0.0
2020-07-27,28.479999542236328,29.1200008392334,27.760000228881836,29.040000915527344,99063,0,0.0
2020-07-28,28.559999465942383,29.1200008392334,28.040000915527344,28.15999984741211,84350,0,0.0
2020-07-29,28.15999984741211,28.479999542236328,27.760000228881836,28.15999984741211,81413,0,0.0
2020-07-30,28.079999923706055,29.200000762939453,27.84000015258789,28.959999084472656,150713,0,0.0
2020-07-31,29.040000915527344,29.1200008392334,27.84000015258789,27.8799991607666,124675,0,0.0
2020-08-03,29.760000228881836,30.079999923706055,27.84000015258789,29.520000457763672,451738,0,0.0
2020-08-04,29.200000762939453,31.200000762939453,29.06399917602539,30.079999923706055,249938,0,0.0
2020-08-05,30.239999771118164,30.559999465942383,28.799999237060547,29.040000915527344,130225,0,0.0
2020-08-06,29.280000686645508,30.0,28.8799991607666,29.200000762939453,94288,0,0.0
2020-08-07,29.200000762939453,29.440000534057617,28.31999969482422,28.719999313354492,94325,0,0.0
2020-08-10,28.799999237060547,29.040000915527344,28.479999542236328,28.799999237060547,83838,0,0.0
2020-08-11,28.959999084472656,29.040000915527344,28.0,28.079999923706055,127488,0,0.0
2020-08-12,28.15999984741211,28.559999465942383,27.200000762939453,27.68000030517578,111313,0,0.0
2020-08-13,27.68000030517578,28.15999984741211,27.040000915527344,27.040000915527344,98525,0,0.0
2020-08-14,27.440000534057617,27.440000534057617,26.8799991607666,27.1200008392334,63138,0,0.0
2020-08-17,27.200000762939453,28.440000534057617,26.8799991607666,28.399999618530273,87650,0,0.0
2020-08-18,28.399999618530273,28.479999542236328,27.440000534057617,27.520000457763672,55450,0,0.0
2020-08-19,27.600000381469727,28.559999465942383,27.360000610351562,27.520000457763672,91425,0,0.0
2020-08-20,27.520000457763672,27.799999237060547,26.719999313354492,27.040000915527344,81413,0,0.0
2020-08-21,27.040000915527344,27.200000762939453,25.280000686645508,25.68000030517578,134713,0,0.0
2020-08-24,26.0,26.079999923706055,24.31999969482422,25.040000915527344,125250,0,0.0
2020-08-25,25.1200008392334,25.84000015258789,23.68000030517578,25.68000030517578,93813,0,0.0
2020-08-26,25.440000534057617,25.760000228881836,24.719999313354492,25.440000534057617,96138,0,0.0
2020-08-27,25.520000457763672,25.760000228881836,24.31999969482422,25.280000686645508,104275,0,0.0
2020-08-28,24.959999084472656,25.520000457763672,24.799999237060547,25.440000534057617,73063,0,0.0
2020-08-31,25.440000534057617,25.760000228881836,24.8799991607666,25.440000534057617,73550,0,0.0
2020-09-01,25.040000915527344,25.600000381469727,23.360000610351562,24.399999618530273,191513,0,0.0
2020-09-02,24.31999969482422,25.360000610351562,23.920000076293945,25.200000762939453,100688,0,0.0
2020-09-03,25.1200008392334,25.600000381469727,24.079999923706055,24.31999969482422,83600,0,0.0
2020-09-04,24.239999771118164,24.31999969482422,21.760000228881836,23.360000610351562,165638,0,0.0
2020-09-08,23.040000915527344,23.1200008392334,21.760000228881836,22.15999984741211,56150,0,0.0
2020-09-09,22.15999984741211,23.68000030517578,22.15999984741211,23.040000915527344,102138,0,0.0
2020-09-10,23.280000686645508,24.239999771118164,23.200000762939453,23.200000762939453,72650,0,0.0
2020-09-11,23.520000457763672,24.559999465942383,22.8799991607666,22.959999084472656,62600,0,0.0
2020-09-14,24.0,27.360000610351562,23.760000228881836,27.1200008392334,174163,0,0.0
2020-09-15,27.920000076293945,27.920000076293945,25.607999801635742,26.399999618530273,135375,0,0.0
2020-09-16,26.239999771118164,28.600000381469727,26.15999984741211,27.68000030517578,93938,0,0.0
2020-09-17,27.280000686645508,28.079999923706055,26.559999465942383,28.0,61075,0,0.0
2020-09-18,28.31999969482422,28.559999465942383,26.920000076293945,28.559999465942383,115563,0,0.0
2020-09-21,27.68000030517578,28.031999588012695,26.959999084472656,27.360000610351562,57875,0,0.0
2020-09-22,27.600000381469727,27.600000381469727,26.0,26.719999313354492,42075,0,0.0
2020-09-23,26.959999084472656,27.040000915527344,25.600000381469727,25.600000381469727,53063,0,0.0
2020-09-24,25.440000534057617,25.520000457763672,24.079999923706055,24.31999969482422,75125,0,0.0
2020-09-25,24.31999969482422,25.84000015258789,24.079999923706055,25.440000534057617,45588,0,0.0
2020-09-28,25.84000015258789,25.920000076293945,24.84000015258789,25.280000686645508,61688,0,0.0
2020-09-29,25.440000534057617,26.079999923706055,25.040000915527344,25.68000030517578,46988,0,0.0
2020-09-30,25.520000457763672,26.15999984741211,25.280000686645508,25.440000534057617,28500,0,0.0
2020-10-01,25.440000534057617,26.079999923706055,25.399999618530273,25.84000015258789,38263,0,0.0
2020-10-02,25.280000686645508,25.920000076293945,24.920000076293945,25.1200008392334,33988,0,0.0
2020-10-05,25.200000762939453,27.200000762939453,25.200000762939453,27.1200008392334,56325,0,0.0
2020-10-06,27.1200008392334,28.239999771118164,26.799999237060547,27.760000228881836,53488,0,0.0
2020-10-07,28.15999984741211,28.959999084472656,27.600000381469727,28.479999542236328,70925,0,0.0
2020-10-08,28.639999389648438,28.72800064086914,27.360000610351562,27.68000030517578,41700,0,0.0
2020-10-09,27.84000015258789,28.639999389648438,27.600000381469727,27.920000076293945,36475,0,0.0
2020-10-12,28.0,28.0,26.079999923706055,26.239999771118164,50363,0,0.0
2020-10-13,26.31999969482422,28.15999984741211,25.600000381469727,28.0,92263,0,0.0
2020-10-14,28.239999771118164,28.479999542236328,26.799999237060547,26.8799991607666,45250,0,0.0
2020-10-15,26.8799991607666,27.360000610351562,26.399999618530273,26.719999313354492,50188,0,0.0
2020-10-16,26.639999389648438,27.520000457763672,26.31999969482422,26.559999465942383,30463,0,0.0
2020-10-19,26.559999465942383,27.1200008392334,25.760000228881836,25.84000015258789,51188,0,0.0
2020-10-20,25.84000015258789,26.280000686645508,25.040000915527344,25.68000030517578,51875,0,0.0
2020-10-21,25.920000076293945,26.079999923706055,25.200000762939453,25.520000457763672,30738,0,0.0
2020-10-22,26.0,26.799999237060547,25.360000610351562,25.68000030517578,40800,0,0.0
2020-10-23,26.0,26.559999465942383,25.440000534057617,26.31999969482422,23788,0,0.0
2020-10-26,27.520000457763672,27.520000457763672,25.280000686645508,26.15999984741211,52588,0,0.0
2020-10-27,25.920000076293945,27.200000762939453,25.600000381469727,26.639999389648438,54438,0,0.0
2020-10-28,25.920000076293945,26.239999771118164,25.312000274658203,25.520000457763672,47475,0,0.0
2020-10-29,25.84000015258789,26.399999618530273,25.1200008392334,25.920000076293945,47700,0,0.0
2020-10-30,25.68000030517578,25.920000076293945,24.959999084472656,25.68000030517578,61325,0,0.0
2020-11-02,25.440000534057617,25.760000228881836,24.079999923706055,24.799999237060547,64463,0,0.0
2020-11-03,25.040000915527344,25.224000930786133,24.239999771118164,24.959999084472656,35813,0,0.0
2020-11-04,24.799999237060547,27.576000213623047,24.799999237060547,27.360000610351562,85475,0,0.0
2020-11-05,27.360000610351562,28.0,26.559999465942383,27.600000381469727,48925,0,0.0
2020-11-06,27.520000457763672,27.920000076293945,27.1200008392334,27.600000381469727,35150,0,0.0
2020-11-09,28.0,28.8799991607666,27.200000762939453,27.360000610351562,41663,0,0.0
2020-11-10,27.760000228881836,28.559999465942383,27.1200008392334,28.399999618530273,34313,0,0.0
2020-11-11,28.15999984741211,28.399999618530273,27.639999389648438,28.31999969482422,26388,0,0.0
2020-11-12,28.239999771118164,28.8799991607666,28.0,28.719999313354492,40663,0,0.0
2020-11-13,28.799999237060547,29.040000915527344,28.399999618530273,28.479999542236328,27463,0,0.0
2020-11-16,29.040000915527344,29.1200008392334,28.15999984741211,28.799999237060547,57600,0,0.0
2020-11-17,28.31999969482422,29.200000762939453,28.0,28.8799991607666,49300,0,0.0
2020-11-18,28.8799991607666,29.440000534057617,28.31999969482422,28.31999969482422,37150,0,0.0
2020-11-19,28.239999771118164,28.8799991607666,28.15999984741211,28.799999237060547,32825,0,0.0
2020-11-20,28.559999465942383,29.68000030517578,28.479999542236328,29.440000534057617,61963,0,0.0
2020-11-23,29.280000686645508,31.600000381469727,29.040000915527344,31.440000534057617,127438,0,0.0
2020-11-24,31.760000228881836,32.0,29.200000762939453,29.68000030517578,86938,0,0.0
2020-11-25,30.0,32.599998474121094,30.0,31.440000534057617,110763,0,0.0
2020-11-27,31.440000534057617,32.91999816894531,31.440000534057617,32.08000183105469,80275,0,0.0
2020-11-30,32.0,32.2400016784668,30.719999313354492,31.1200008392334,61538,0,0.0
2020-12-01,24.559999465942383,26.0,22.959999084472656,23.1200008392334,472675,0,0.0
2020-12-02,23.176000595092773,23.200000762939453,21.84000015258789,22.0,212350,0,0.0
2020-12-03,22.31999969482422,22.639999389648438,20.15999984741211,20.719999313354492,294788,0,0.0
2020-12-04,21.040000915527344,23.040000915527344,20.079999923706055,21.920000076293945,240800,0,0.0
2020-12-07,22.0,22.239999771118164,20.8799991607666,21.200000762939453,140913,0,0.0
2020-12-08,21.200000762939453,21.520000457763672,20.399999618530273,21.520000457763672,115850,0,0.0
2020-12-09,21.68000030517578,21.68000030517578,20.600000381469727,21.280000686645508,152300,0,0.0
2020-12-10,21.1200008392334,21.440000534057617,20.479999542236328,21.200000762939453,77150,0,0.0
2020-12-11,20.959999084472656,21.440000534057617,20.719999313354492,20.8799991607666,67625,0,0.0
2020-12-14,20.8799991607666,21.68000030517578,20.8799991607666,21.200000762939453,77288,0,0.0
2020-12-15,21.280000686645508,21.600000381469727,20.8799991607666,21.440000534057617,80200,0,0.0
2020-12-16,21.600000381469727,21.719999313354492,20.8799991607666,20.959999084472656,54363,0,0.0
2020-12-17,21.1200008392334,21.520000457763672,20.719999313354492,21.1200008392334,54925,0,0.0
2020-12-18,21.1200008392334,21.399999618530273,20.639999389648438,20.639999389648438,97338,0,0.0
2020-12-21,20.639999389648438,21.1200008392334,20.559999465942383,20.639999389648438,68700,0,0.0
2020-12-22,20.799999237060547,21.040000915527344,20.559999465942383,20.799999237060547,59288,0,0.0
2020-12-23,20.8799991607666,20.8799991607666,19.360000610351562,20.079999923706055,162163,0,0.0
2020-12-24,20.0,20.399999618530273,19.68000030517578,19.68000030517578,50838,0,0.0
2020-12-28,19.760000228881836,19.799999237060547,18.719999313354492,18.8799991607666,117900,0,0.0
2020-12-29,18.8799991607666,19.040000915527344,17.920000076293945,18.079999923706055,117488,0,0.0
2020-12-30,18.0,19.327999114990234,18.0,19.1200008392334,93025,0,0.0
2020-12-31,19.1200008392334,19.15999984741211,18.239999771118164,18.719999313354492,62700,0,0.0
2021-01-04,18.639999389648438,19.200000762939453,18.15999984741211,19.040000915527344,54213,0,0.0
2021-01-05,19.040000915527344,19.200000762939453,18.799999237060547,18.959999084472656,46825,0,0.0
2021-01-06,19.200000762939453,20.15999984741211,19.1200008392334,19.920000076293945,69913,0,0.0
2021-01-07,20.079999923706055,20.639999389648438,19.760000228881836,20.479999542236328,38713,0,0.0
2021-01-08,20.256000518798828,20.799999237060547,20.079999923706055,20.639999389648438,43525,0,0.0
2021-01-11,20.559999465942383,20.799999237060547,20.200000762939453,20.479999542236328,43050,0,0.0
2021-01-12,20.479999542236328,21.360000610351562,20.375999450683594,21.200000762939453,70663,0,0.0
2021-01-13,20.959999084472656,21.399999618530273,20.760000228881836,21.200000762939453,51413,0,0.0
2021-01-14,21.200000762939453,22.15999984741211,20.959999084472656,21.520000457763672,74638,0,0.0
2021-01-15,21.920000076293945,22.464000701904297,21.520000457763672,21.68000030517578,57413,0,0.0
2021-01-19,29.200000762939453,30.0,26.079999923706055,27.600000381469727,1404325,0,0.0
2021-01-20,27.360000610351562,27.440000534057617,24.959999084472656,26.399999618530273,176063,0,0.0
2021-01-21,26.0,27.11199951171875,25.464000701904297,25.520000457763672,95600,0,0.0
2021-01-22,25.1200008392334,26.559999465942383,25.040000915527344,26.239999771118164,72250,0,0.0
2021-01-25,27.200000762939453,27.832000732421875,25.600000381469727,27.600000381469727,112975,0,0.0
2021-01-26,27.440000534057617,27.920000076293945,26.239999771118164,27.360000610351562,88275,0,0.0
2021-01-27,26.639999389648438,27.040000915527344,25.200000762939453,25.760000228881836,104238,0,0.0
2021-01-28,25.760000228881836,26.15999984741211,24.959999084472656,25.440000534057617,63625,0,0.0
2021-01-29,25.440000534057617,26.239999771118164,24.399999618530273,25.520000457763672,61313,0,0.0
2021-02-01,25.440000534057617,27.31999969482422,25.280000686645508,27.1200008392334,98450,0,0.0
2021-02-02,27.1200008392334,27.200000762939453,26.079999923706055,26.479999542236328,49275,0,0.0
2021-02-03,26.399999618530273,27.440000534057617,26.31999969482422,27.040000915527344,54213,0,0.0
2021-02-04,27.440000534057617,27.760000228881836,26.479999542236328,27.440000534057617,62963,0,0.0
2021-02-05,27.520000457763672,27.760000228881836,26.70400047302246,27.280000686645508,59888,0,0.0
2021-02-08,27.200000762939453,28.8799991607666,26.959999084472656,28.239999771118164,113200,0,0.0
2021-02-09,28.31999969482422,28.719999313354492,27.84000015258789,27.920000076293945,100100,0,0.0
2021-02-10,28.31999969482422,28.511999130249023,26.559999465942383,26.799999237060547,123375,0,0.0
2021-02-11,27.440000534057617,29.280000686645508,27.200000762939453,28.399999618530273,69350,0,0.0
2021-02-12,28.639999389648438,28.639999389648438,27.760000228881836,28.15999984741211,25600,0,0.0
2021-02-16,28.239999771118164,28.479999542236328,27.600000381469727,27.84000015258789,65488,0,0.0
2021-02-17,27.440000534057617,28.479999542236328,26.639999389648438,28.15999984741211,65900,0,0.0
2021-02-18,27.920000076293945,29.09600067138672,26.639999389648438,28.239999771118164,70500,0,0.0
2021-02-19,27.84000015258789,29.54400062561035,27.600000381469727,28.719999313354492,54238,0,0.0
2021-02-22,28.239999771118164,28.799999237060547,27.68000030517578,27.920000076293945,38288,0,0.0
2021-02-23,27.360000610351562,28.079999923706055,24.8799991607666,26.559999465942383,74063,0,0.0
2021-02-24,26.719999313354492,27.760000228881836,25.520000457763672,27.360000610351562,102263,0,0.0
2021-02-25,27.360000610351562,27.799999237060547,25.440000534057617,25.760000228881836,51050,0,0.0
2021-02-26,25.600000381469727,26.031999588012695,24.399999618530273,24.799999237060547,38863,0,0.0
2021-03-01,25.200000762939453,25.743999481201172,24.719999313354492,25.1200008392334,26513,0,0.0
2021-03-02,24.799999237060547,25.600000381469727,24.799999237060547,25.200000762939453,37463,0,0.0
2021-03-03,25.440000534057617,25.440000534057617,24.15999984741211,24.479999542236328,38575,0,0.0
2021-03-04,24.239999771118164,24.799999237060547,22.079999923706055,22.639999389648438,117638,0,0.0
2021-03-05,23.1200008392334,23.360000610351562,21.200000762939453,22.8799991607666,51125,0,0.0
2021-03-08,23.360000610351562,26.8799991607666,22.8799991607666,25.520000457763672,71700,0,0.0
2021-03-09,25.760000228881836,26.799999237060547,24.799999237060547,24.8799991607666,39325,0,0.0
2021-03-10,25.440000534057617,25.600000381469727,24.479999542236328,24.799999237060547,34163,0,0.0
2021-03-11,25.280000686645508,26.31999969482422,24.760000228881836,26.31999969482422,42375,0,0.0
2021-03-12,26.15999984741211,26.959999084472656,25.200000762939453,26.719999313354492,41813,0,0.0
2021-03-15,26.959999084472656,27.11199951171875,26.15999984741211,26.559999465942383,25088,0,0.0
2021-03-16,26.719999313354492,26.719999313354492,24.8799991607666,25.440000534057617,36500,0,0.0
2021-03-17,25.1200008392334,25.520000457763672,24.479999542236328,25.360000610351562,33413,0,0.0
2021-03-18,25.520000457763672,25.920000076293945,24.719999313354492,24.799999237060547,28138,0,0.0
2021-03-19,25.040000915527344,25.479999542236328,24.239999771118164,24.399999618530273,70625,0,0.0
2021-03-22,24.479999542236328,24.959999084472656,23.68000030517578,23.84000015258789,65513,0,0.0
2021-03-23,24.15999984741211,24.799999237060547,23.360000610351562,24.15999984741211,42388,0,0.0
2021-03-24,24.399999618530273,24.479999542236328,22.799999237060547,22.959999084472656,27750,0,0.0
2021-03-25,22.959999084472656,23.600000381469727,22.31999969482422,23.280000686645508,22050,0,0.0
2021-03-26,23.600000381469727,23.600000381469727,22.399999618530273,23.360000610351562,33238,0,0.0
2021-03-29,23.1200008392334,23.600000381469727,21.760000228881836,21.760000228881836,31275,0,0.0
2021-03-30,22.0,23.719999313354492,21.399999618530273,23.520000457763672,46575,0,0.0
2021-03-31,23.520000457763672,24.0,22.959999084472656,23.360000610351562,41775,0,0.0
2021-04-01,23.68000030517578,24.15999984741211,23.288000106811523,23.760000228881836,18750,0,0.0
2021-04-05,24.0,24.0,22.719999313354492,23.040000915527344,28713,0,0.0
2021-04-06,23.040000915527344,23.200000762939453,21.920000076293945,22.079999923706055,31425,0,0.0
2021-04-07,22.31999969482422,22.719999313354492,20.959999084472656,21.1200008392334,40463,0,0.0
2021-04-08,21.1200008392334,21.920000076293945,20.920000076293945,21.920000076293945,27225,0,0.0
2021-04-09,21.68000030517578,22.31999969482422,21.1200008392334,21.360000610351562,29738,0,0.0
2021-04-12,21.200000762939453,21.200000762939453,19.280000686645508,19.360000610351562,39288,0,0.0
2021-04-13,19.520000457763672,19.600000381469727,19.040000915527344,19.360000610351562,25288,0,0.0
2021-04-14,19.520000457763672,20.399999618530273,19.360000610351562,19.440000534057617,25888,0,0.0
2021-04-15,19.760000228881836,20.31999969482422,19.200000762939453,20.079999923706055,36788,0,0.0
2021-04-16,20.079999923706055,20.399999618530273,19.007999420166016,20.31999969482422,50113,0,0.0
2021-04-19,20.239999771118164,20.239999771118164,19.1200008392334,19.280000686645508,40963,0,0.0
2021-04-20,19.200000762939453,19.68000030517578,18.90399932861328,19.280000686645508,34838,0,0.0
2021-04-21,19.280000686645508,20.31999969482422,18.8799991607666,20.15999984741211,28500,0,0.0
2021-04-22,20.15999984741211,20.799999237060547,19.600000381469727,20.15999984741211,22738,0,0.0
2021-04-23,20.239999771118164,20.399999618530273,19.84000015258789,20.239999771118164,24088,0,0.0
2021-04-26,19.360000610351562,20.559999465942383,19.360000610351562,20.239999771118164,51163,0,0.0
2021-04-27,20.479999542236328,20.520000457763672,19.920000076293945,20.239999771118164,15950,0,0.0
2021-04-28,20.399999618530273,20.399999618530273,19.760000228881836,20.0,34538,0,0.0
2021-04-29,20.239999771118164,20.31999969482422,19.360000610351562,19.440000534057617,21175,0,0.0
2021-04-30,19.360000610351562,19.687999725341797,18.68000030517578,19.040000915527344,37588,0,0.0
2021-05-03,19.1200008392334,20.0,19.1200008392334,19.760000228881836,31663,0,0.0
2021-05-04,19.68000030517578,19.68000030517578,18.559999465942383,18.559999465942383,37963,0,0.0
2021-05-05,18.8799991607666,19.360000610351562,18.0,19.040000915527344,42238,0,0.0
2021-05-06,18.799999237060547,18.799999237060547,17.920000076293945,18.0,38375,0,0.0
2021-05-07,18.079999923706055,18.31999969482422,17.920000076293945,18.079999923706055,22213,0,0.0
2021-05-10,18.31999969482422,18.760000228881836,17.760000228881836,18.31999969482422,33750,0,0.0
2021-05-11,17.760000228881836,18.479999542236328,17.200000762939453,17.84000015258789,830063,0,0.0
2021-05-12,20.959999084472656,24.0,20.15999984741211,20.639999389648438,7147200,0,0.0
2021-05-13,20.479999542236328,22.0,19.520000457763672,21.520000457763672,494625,0,0.0
2021-05-14,21.600000381469727,23.84000015258789,20.8799991607666,23.440000534057617,395213,0,0.0
2021-05-17,23.600000381469727,26.959999084472656,23.360000610351562,26.639999389648438,270388,0,0.0
2021-05-18,26.8799991607666,28.280000686645508,25.1200008392334,28.079999923706055,273325,0,0.0
2021-05-19,27.1200008392334,27.215999603271484,24.559999465942383,25.360000610351562,191738,0,0.0
2021-05-20,24.959999084472656,26.15999984741211,24.479999542236328,25.360000610351562,80325,0,0.0
2021-05-21,25.920000076293945,25.920000076293945,24.799999237060547,24.8799991607666,60663,0,0.0
2021-05-24,24.511999130249023,24.799999237060547,23.280000686645508,24.239999771118164,119675,0,0.0
2021-05-25,24.31999969482422,24.799999237060547,23.520000457763672,23.520000457763672,44500,0,0.0
2021-05-26,23.360000610351562,25.1200008392334,22.959999084472656,24.399999618530273,77025,0,0.0
2021-05-27,24.0,24.559999465942383,23.68000030517578,23.68000030517578,82100,0,0.0
2021-05-28,23.68000030517578,24.719999313354492,23.440000534057617,23.600000381469727,50563,0,0.0
2021-06-01,23.600000381469727,24.0,22.719999313354492,23.760000228881836,59100,0,0.0
2021-06-02,23.84000015258789,23.84000015258789,23.040000915527344,23.600000381469727,59400,0,0.0
2021-06-03,23.280000686645508,23.719999313354492,23.016000747680664,23.360000610351562,37513,0,0.0
2021-06-04,23.200000762939453,24.0,23.1200008392334,23.200000762939453,36588,0,0.0
2021-06-07,22.8799991607666,24.31999969482422,22.8799991607666,24.239999771118164,62038,0,0.0
2021-06-08,24.15999984741211,24.959999084472656,23.84000015258789,24.31999969482422,50188,0,0.0
2021-06-09,24.399999618530273,25.1200008392334,23.84000015258789,23.920000076293945,41338,0,0.0
2021-06-10,24.239999771118164,25.040000915527344,23.84000015258789,24.559999465942383,43050,0,0.0
2021-06-11,24.8799991607666,24.8799991607666,23.1200008392334,23.200000762939453,74788,0,0.0
2021-06-14,23.1200008392334,23.920000076293945,22.84000015258789,23.68000030517578,44013,0,0.0
2021-06-15,23.68000030517578,23.68000030517578,22.31999969482422,22.399999618530273,55113,0,0.0
2021-06-16,22.479999542236328,22.559999465942383,21.760000228881836,22.399999618530273,39913,0,0.0
2021-06-17,22.399999618530273,22.399999618530273,21.079999923706055,21.440000534057617,65300,0,0.0
2021-06-18,21.200000762939453,21.920000076293945,20.600000381469727,21.040000915527344,58500,0,0.0
2021-06-21,20.920000076293945,21.040000915527344,20.0,20.31999969482422,52400,0,0.0
2021-06-22,20.31999969482422,20.719999313354492,18.799999237060547,19.68000030517578,99075,0,0.0
2021-06-23,19.639999389648438,20.0,19.200000762939453,19.68000030517578,66313,0,0.0
2021-06-24,19.983999252319336,20.079999923706055,19.600000381469727,19.84000015258789,59088,0,0.0
2021-06-25,19.68000030517578,20.639999389648438,19.68000030517578,19.760000228881836,712325,0,0.0
2021-06-28,20.15999984741211,20.31999969482422,19.280000686645508,19.280000686645508,43088,0,0.0
2021-06-29,19.600000381469727,19.600000381469727,18.559999465942383,18.959999084472656,87525,0,0.0
2021-06-30,18.719999313354492,19.280000686645508,18.399999618530273,18.559999465942383,60500,0,0.0
2021-07-01,18.799999237060547,19.1200008392334,18.239999771118164,18.719999313354492,139250,0,0.0
2021-07-02,19.040000915527344,19.040000915527344,18.0,18.559999465942383,40713,0,0.0
2021-07-06,18.799999237060547,18.799999237060547,17.84000015258789,18.559999465942383,88763,0,0.0
2021-07-07,18.799999237060547,18.799999237060547,17.920000076293945,18.479999542236328,72838,0,0.0
2021-07-08,18.15999984741211,18.239999771118164,17.559999465942383,18.0,58313,0,0.0
2021-07-09,18.31999969482422,18.31999969482422,17.84000015258789,18.0,42288,0,0.0
2021-07-12,18.0,18.239999771118164,17.440000534057617,17.68000030517578,46375,0,0.0
2021-07-13,17.760000228881836,17.920000076293945,16.479999542236328,16.559999465942383,99063,0,0.0
2021-07-14,16.799999237060547,16.799999237060547,16.0,16.079999923706055,49338,0,0.0
2021-07-15,16.079999923706055,16.559999465942383,15.600000381469727,16.15999984741211,66950,0,0.0
2021-07-16,16.479999542236328,16.479999542236328,15.4399995803833,15.4399995803833,57475,0,0.0
2021-07-19,15.720000267028809,16.079999923706055,15.279999732971191,15.760000228881836,43363,0,0.0
2021-07-20,15.600000381469727,16.239999771118164,15.359999656677246,16.15999984741211,67788,0,0.0
2021-07-21,16.15999984741211,16.719999313354492,16.15999984741211,16.479999542236328,72988,0,0.0
2021-07-22,16.639999389648438,16.719999313354492,15.84000015258789,16.0,85088,0,0.0
2021-07-23,16.0,16.200000762939453,15.279999732971191,15.520000457763672,60038,0,0.0
2021-07-26,15.479999542236328,15.920000076293945,15.039999961853027,15.119999885559082,50900,0,0.0
2021-07-27,15.119999885559082,15.4399995803833,14.399999618530273,14.800000190734863,35225,0,0.0
2021-07-28,15.279999732971191,15.520000457763672,14.800000190734863,15.279999732971191,39975,0,0.0
2021-07-29,15.119999885559082,15.279999732971191,14.800000190734863,14.960000038146973,26063,0,0.0
2021-07-30,14.800000190734863,15.119999885559082,14.600000381469727,14.720000267028809,26763,0,0.0
2021-08-02,14.5600004196167,14.720000267028809,14.0,14.720000267028809,48613,0,0.0
2021-08-03,14.720000267028809,14.800000190734863,13.880000114440918,14.15999984741211,84788,0,0.0
2021-08-04,14.15999984741211,14.319999694824219,13.359999656677246,13.680000305175781,52163,0,0.0
2021-08-05,13.920000076293945,14.479999542236328,13.704000473022461,14.479999542236328,33663,0,0.0
2021-08-06,14.399999618530273,14.720000267028809,13.935999870300293,14.640000343322754,35313,0,0.0
2021-08-09,14.800000190734863,14.800000190734863,12.319999694824219,12.880000114440918,231700,0,0.0
2021-08-10,13.199999809265137,13.359999656677246,12.479999542236328,12.720000267028809,60925,0,0.0
2021-08-11,12.479999542236328,14.079999923706055,12.479999542236328,13.520000457763672,158588,0,0.0
2021-08-12,13.720000267028809,13.920000076293945,13.039999961853027,13.520000457763672,81025,0,0.0
2021-08-13,13.4399995803833,13.911999702453613,13.199999809265137,13.520000457763672,44038,0,0.0
2021-08-16,13.760000228881836,14.239999771118164,13.039999961853027,13.680000305175781,87113,0,0.0
2021-08-17,13.760000228881836,14.319999694824219,13.600000381469727,14.239999771118164,66288,0,0.0
2021-08-18,14.479999542236328,15.520000457763672,14.079999923706055,15.4399995803833,109113,0,0.0
2021-08-19,15.119999885559082,16.15999984741211,14.15999984741211,14.399999618530273,188338,0,0.0
2021-08-20,14.5600004196167,14.776000022888184,14.15999984741211,14.640000343322754,62350,0,0.0
2021-08-23,15.119999885559082,16.559999465942383,14.800000190734863,16.479999542236328,136075,0,0.0
2021-08-24,16.719999313354492,17.040000915527344,15.35200023651123,15.600000381469727,135338,0,0.0
2021-08-25,15.600000381469727,15.97599983215332,14.720000267028809,15.279999732971191,110588,0,0.0
2021-08-26,15.279999732971191,15.4399995803833,14.640000343322754,14.800000190734863,62888,0,0.0
2021-08-27,14.800000190734863,15.600000381469727,14.800000190734863,15.119999885559082,49438,0,0.0
2021-08-30,15.119999885559082,15.279999732971191,13.84000015258789,14.15999984741211,82738,0,0.0
2021-08-31,14.319999694824219,14.720000267028809,14.15999984741211,14.720000267028809,27125,0,0.0
2021-09-01,14.5600004196167,15.039999961853027,14.079999923706055,14.239999771118164,47500,0,0.0
2021-09-02,14.319999694824219,14.720000267028809,14.239999771118164,14.640000343322754,46625,0,0.0
2021-09-03,14.800000190734863,14.800000190734863,14.239999771118164,14.319999694824219,20150,0,0.0
2021-09-07,14.239999771118164,14.4399995803833,13.920000076293945,14.399999618530273,22950,0,0.0
2021-09-08,14.479999542236328,14.496000289916992,13.520000457763672,13.760000228881836,55638,0,0.0
2021-09-09,13.760000228881836,13.84000015258789,13.279999732971191,13.359999656677246,28175,0,0.0
2021-09-10,13.279999732971191,13.4399995803833,12.880000114440918,13.359999656677246,32413,0,0.0
2021-09-13,13.279999732971191,13.920000076293945,13.279999732971191,13.680000305175781,26763,0,0.0
2021-09-14,13.520000457763672,14.079999923706055,13.119999885559082,13.84000015258789,63900,0,0.0
2021-09-15,13.84000015258789,14.239999771118164,13.199999809265137,13.359999656677246,38788,0,0.0
2021-09-16,13.359999656677246,15.0,13.039999961853027,14.720000267028809,92800,0,0.0
2021-09-17,14.880000114440918,14.880000114440918,13.600000381469727,13.600000381469727,71925,0,0.0
2021-09-20,13.520000457763672,14.479999542236328,13.279999732971191,14.399999618530273,52338,0,0.0
2021-09-21,14.479999542236328,14.720000267028809,13.84000015258789,14.0,36163,0,0.0
2021-09-22,14.079999923706055,14.239999771118164,13.279999732971191,13.4399995803833,79575,0,0.0
2021-09-23,13.520000457763672,14.880000114440918,13.199999809265137,14.720000267028809,144125,0,0.0
2021-09-24,14.720000267028809,16.639999389648438,13.920000076293945,16.31999969482422,535650,0,0.0
2021-09-27,16.239999771118164,16.799999237060547,15.680000305175781,16.15999984741211,139050,0,0.0
2021-09-28,16.079999923706055,16.079999923706055,14.5600004196167,14.800000190734863,95150,0,0.0
2021-09-29,14.960000038146973,15.319999694824219,14.079999923706055,14.15999984741211,66463,0,0.0
2021-09-30,14.5600004196167,15.039999961853027,13.248000144958496,13.920000076293945,217025,0,0.0
2021-10-01,14.15999984741211,14.392000198364258,12.239999771118164,12.640000343322754,265388,0,0.0
2021-10-04,12.640000343322754,12.64799976348877,11.600000381469727,12.079999923706055,119538,0,0.0
2021-10-05,12.15999984741211,12.239999771118164,11.319999694824219,11.600000381469727,95350,0,0.0
2021-10-06,11.600000381469727,11.680000305175781,10.960000038146973,11.119999885559082,70950,0,0.0
2021-10-07,11.199999809265137,11.680000305175781,11.039999961853027,11.359999656677246,31175,0,0.0
2021-10-08,11.600000381469727,11.680000305175781,11.279999732971191,11.4399995803833,30138,0,0.0
2021-10-11,11.600000381469727,11.680000305175781,11.119999885559082,11.199999809265137,31088,0,0.0
2021-10-12,11.359999656677246,11.4399995803833,10.800000190734863,10.960000038146973,48500,0,0.0
2021-10-13,10.960000038146973,11.760000228881836,10.800000190734863,11.680000305175781,100438,0,0.0
2021-10-14,11.520000457763672,11.583999633789062,11.199999809265137,11.279999732971191,38863,0,0.0
2021-10-15,11.600000381469727,11.600000381469727,10.800000190734863,10.800000190734863,33013,0,0.0
2021-10-18,10.880000114440918,10.944000244140625,10.319999694824219,10.359999656677246,43763,0,0.0
2021-10-19,10.5600004196167,10.5600004196167,10.15999984741211,10.319999694824219,42850,0,0.0
2021-10-20,10.239999771118164,10.5600004196167,10.239999771118164,10.479999542236328,26888,0,0.0
2021-10-21,10.479999542236328,10.5600004196167,10.239999771118164,10.399999618530273,15850,0,0.0
2021-10-22,10.5600004196167,10.5600004196167,10.0,10.15999984741211,30738,0,0.0
2021-10-25,10.15999984741211,10.600000381469727,10.0,10.5600004196167,50750,0,0.0
2021-10-26,10.5600004196167,11.199999809265137,10.496000289916992,10.960000038146973,50900,0,0.0
2021-10-27,10.960000038146973,11.039999961853027,10.800000190734863,10.880000114440918,30663,0,0.0
2021-10-28,11.039999961853027,11.119999885559082,10.880000114440918,10.960000038146973,36300,0,0.0
2021-10-29,11.119999885559082,11.279999732971191,11.039999961853027,11.199999809265137,40963,0,0.0
2021-11-01,11.279999732971191,11.680000305175781,11.279999732971191,11.600000381469727,56613,0,0.0
2021-11-02,11.680000305175781,11.928000450134277,11.520000457763672,11.680000305175781,31063,0,0.0
2021-11-03,10.399999618530273,11.279999732971191,10.079999923706055,11.279999732971191,77350,0,0.0
2021-11-04,11.359999656677246,11.600000381469727,11.288000106811523,11.4399995803833,18163,0,0.0
2021-11-05,11.279999732971191,11.520000457763672,10.720000267028809,10.800000190734863,61363,0,0.0
2021-11-08,11.039999961853027,11.359999656677246,10.640000343322754,11.279999732971191,28238,0,0.0
2021-11-09,11.199999809265137,11.84000015258789,11.119999885559082,11.680000305175781,31625,0,0.0
2021-11-10,11.680000305175781,11.920000076293945,10.880000114440918,10.960000038146973,28275,0,0.0
2021-11-11,11.039999961853027,11.119999885559082,10.640000343322754,10.800000190734863,21788,0,0.0
2021-11-12,10.960000038146973,10.960000038146973,10.319999694824219,10.479999542236328,30513,0,0.0
2021-11-15,10.880000114440918,10.880000114440918,10.239999771118164,10.319999694824219,30913,0,0.0
2021-11-16,10.399999618530273,10.640000343322754,10.15999984741211,10.5600004196167,226625,0,0.0
2021-11-17,10.399999618530273,10.880000114440918,10.0,10.0,77788,0,0.0
2021-11-18,10.079999923706055,10.079999923706055,9.039999961853027,9.4399995803833,77125,0,0.0
2021-11-19,9.199999809265137,9.359999656677246,8.880000114440918,8.960000038146973,40688,0,0.0
2021-11-22,9.039999961853027,9.4399995803833,8.800000190734863,8.960000038146973,724263,0,0.0
2021-11-23,9.199999809265137,9.199999809265137,8.239999771118164,8.5600004196167,631138,0,0.0
2021-11-24,8.479999542236328,8.5600004196167,8.319999694824219,8.479999542236328,70663,0,0.0
2021-11-26,8.239999771118164,8.640000343322754,8.239999771118164,8.479999542236328,12875,0,0.0
2021-11-29,8.640000343322754,8.720000267028809,8.0,8.0,21088,0,0.0
2021-11-30,8.0,8.239999771118164,7.440000057220459,7.76800012588501,59650,0,0.0
2021-12-01,8.0,8.15999984741211,6.800000190734863,7.239999771118164,38438,0,0.0
2021-12-02,7.199999809265137,7.423999786376953,6.920000076293945,7.328000068664551,19438,0,0.0
2021-12-03,7.480000019073486,7.920000076293945,7.271999835968018,7.4079999923706055,38513,0,0.0
2021-12-06,7.328000068664551,7.631999969482422,6.656000137329102,6.984000205993652,37013,0,0.0
2021-12-07,7.28000020980835,7.760000228881836,7.039999961853027,7.504000186920166,28513,0,0.0
2021-12-08,7.5920000076293945,7.9120001792907715,7.360000133514404,7.736000061035156,17488,0,0.0
2021-12-09,7.455999851226807,7.840000152587891,7.311999797821045,7.616000175476074,28613,0,0.0
2021-12-10,7.576000213623047,7.783999919891357,7.119999885559082,7.248000144958496,87413,0,0.0
2021-12-13,7.28000020980835,7.639999866485596,7.119999885559082,7.1519999504089355,21575,0,0.0
2021-12-14,7.104000091552734,7.168000221252441,6.728000164031982,6.920000076293945,25213,0,0.0
2021-12-15,6.984000205993652,7.199999809265137,6.440000057220459,6.943999767303467,55350,0,0.0
2021-12-16,7.296000003814697,7.48799991607666,6.895999908447266,7.184000015258789,25275,0,0.0
2021-12-17,7.039999961853027,7.440000057220459,6.74399995803833,7.423999786376953,62563,0,0.0
2021-12-20,7.360000133514404,7.920000076293945,6.880000114440918,7.599999904632568,31013,0,0.0
2021-12-21,7.664000034332275,7.840000152587891,7.28000020980835,7.343999862670898,23575,0,0.0
2021-12-22,7.28000020980835,7.599999904632568,7.0960001945495605,7.375999927520752,215063,0,0.0
2021-12-23,7.440000057220459,7.831999778747559,7.360000133514404,7.71999979019165,18838,0,0.0
2021-12-27,7.840000152587891,7.840000152587891,7.02400016784668,7.039999961853027,79288,0,0.0
2021-12-28,7.119999885559082,7.311999797821045,6.6479997634887695,6.943999767303467,44600,0,0.0
2021-12-29,6.800000190734863,6.800000190734863,6.559999942779541,6.783999919891357,20813,0,0.0
2021-12-30,6.639999866485596,6.880000114440918,6.415999889373779,6.6479997634887695,43313,0,0.0
2021-12-31,6.639999866485596,6.880000114440918,6.303999900817871,6.4079999923706055,52138,0,0.0
2022-01-03,6.639999866485596,7.368000030517578,6.328000068664551,7.360000133514404,27188,0,0.0
2022-01-04,7.199999809265137,7.199999809265137,6.880000114440918,7.111999988555908,18075,0,0.0
2022-01-05,7.119999885559082,7.199999809265137,6.559999942779541,6.872000217437744,14788,0,0.0
2022-01-06,7.02400016784668,7.119999885559082,6.800000190734863,7.039999961853027,36100,0,0.0
2022-01-07,7.039999961853027,7.191999912261963,6.71999979019165,6.783999919891357,18988,0,0.0
2022-01-10,6.711999893188477,6.791999816894531,6.400000095367432,6.679999828338623,13713,0,0.0
2022-01-11,6.584000110626221,6.960000038146973,6.559999942779541,6.71999979019165,8450,0,0.0
2022-01-12,6.880000114440918,7.119999885559082,6.711999893188477,7.0,15263,0,0.0
2022-01-13,6.952000141143799,7.199999809265137,6.863999843597412,7.007999897003174,15850,0,0.0
2022-01-14,6.960000038146973,7.1519999504089355,6.679999828338623,6.679999828338623,11325,0,0.0
2022-01-18,6.880000114440918,6.880000114440918,6.559999942779541,6.616000175476074,11738,0,0.0
2022-01-19,6.711999893188477,6.71999979019165,6.4079999923706055,6.535999774932861,11400,0,0.0
2022-01-20,6.535999774932861,6.984000205993652,6.535999774932861,6.74399995803833,13875,0,0.0
2022-01-21,6.688000202178955,6.960000038146973,6.552000045776367,6.751999855041504,27925,0,0.0
2022-01-24,6.480000019073486,6.639999866485596,6.0,6.079999923706055,32150,0,0.0
2022-01-25,6.079999923706055,6.559999942779541,5.679999828338623,5.840000152587891,28388,0,0.0
2022-01-26,5.800000190734863,6.23199987411499,5.760000228881836,5.8480000495910645,15613,0,0.0
2022-01-27,6.064000129699707,6.079999923706055,5.800000190734863,5.920000076293945,9213,0,0.0
2022-01-28,5.960000038146973,6.056000232696533,5.679999828338623,5.760000228881836,30688,0,0.0
2022-01-31,5.736000061035156,7.007999897003174,5.71999979019165,6.599999904632568,24438,0,0.0
2022-02-01,6.639999866485596,6.800000190734863,6.239999771118164,6.400000095367432,11875,0,0.0
2022-02-02,6.559999942779541,6.616000175476074,6.159999847412109,6.320000171661377,16050,0,0.0
2022-02-03,6.4079999923706055,6.440000057220459,6.079999923706055,6.079999923706055,3975,0,0.0
2022-02-04,6.400000095367432,6.400000095367432,6.0,6.0,7475,0,0.0
2022-02-07,6.400000095367432,6.559999942779541,6.079999923706055,6.296000003814697,7300,0,0.0
2022-02-08,6.159999847412109,6.519999980926514,6.0,6.119999885559082,11088,0,0.0
2022-02-09,6.0,6.480000019073486,6.0,6.263999938964844,25125,0,0.0
2022-02-10,6.271999835968018,6.383999824523926,6.015999794006348,6.079999923706055,8450,0,0.0
2022-02-11,6.015999794006348,6.159999847412109,5.760000228881836,5.815999984741211,17000,0,0.0
2022-02-14,5.760000228881836,6.064000129699707,5.48799991607666,5.599999904632568,89500,0,0.0
2022-02-15,5.800000190734863,6.400000095367432,5.599999904632568,6.320000171661377,23775,0,0.0
2022-02-16,6.320000171661377,6.639999866485596,5.895999908447266,6.328000068664551,13650,0,0.0
2022-02-17,6.639999866485596,6.639999866485596,6.0,6.136000156402588,7488,0,0.0
2022-02-18,6.191999912261963,6.191999912261963,5.624000072479248,5.920000076293945,10475,0,0.0
2022-02-22,5.599999904632568,6.0,5.584000110626221,5.599999904632568,7750,0,0.0
2022-02-23,5.751999855041504,6.0,5.519999980926514,5.624000072479248,5425,0,0.0
2022-02-24,5.199999809265137,5.599999904632568,5.176000118255615,5.480000019073486,16513,0,0.0
2022-02-25,5.360000133514404,5.616000175476074,5.360000133514404,5.455999851226807,5238,0,0.0
2022-02-28,5.519999980926514,5.935999870300293,5.368000030517578,5.6479997634887695,8200,0,0.0
2022-03-01,5.607999801635742,5.920000076293945,5.383999824523926,5.5279998779296875,9738,0,0.0
2022-03-02,5.599999904632568,5.920000076293945,5.480000019073486,5.679999828338623,5413,0,0.0
2022-03-03,5.679999828338623,5.679999828338623,5.440000057220459,5.440000057220459,3763,0,0.0
2022-03-04,5.656000137329102,5.656000137329102,5.360000133514404,5.360000133514404,6688,0,0.0
2022-03-07,5.392000198364258,5.760000228881836,5.039999961853027,5.072000026702881,13738,0,0.0
2022-03-08,5.3520002365112305,5.599999904632568,5.039999961853027,5.415999889373779,3225,0,0.0
2022-03-09,5.519999980926514,5.599999904632568,5.23199987411499,5.383999824523926,13025,0,0.0
2022-03-10,5.360000133514404,5.519999980926514,5.28000020980835,5.519999980926514,6313,0,0.0
2022-03-11,5.519999980926514,5.599999904632568,5.311999797821045,5.519999980926514,7800,0,0.0
2022-03-14,5.288000106811523,5.760000228881836,5.216000080108643,5.263999938964844,25363,0,0.0
2022-03-15,5.296000003814697,5.688000202178955,5.223999977111816,5.360000133514404,4475,0,0.0
2022-03-16,5.360000133514404,5.599999904632568,5.239999771118164,5.400000095367432,15438,0,0.0
2022-03-17,5.679999828338623,6.0,5.28000020980835,5.760000228881836,9900,0,0.0
2022-03-18,5.728000164031982,6.4720001220703125,5.607999801635742,6.320000171661377,20763,0,0.0
2022-03-21,6.480000019073486,6.480000019073486,6.0,6.239999771118164,6963,0,0.0
2022-03-22,6.447999954223633,6.599999904632568,6.159999847412109,6.360000133514404,17175,0,0.0
2022-03-23,6.400000095367432,6.400000095367432,6.239999771118164,6.320000171661377,4250,0,0.0
2022-03-24,6.159999847412109,6.480000019073486,6.159999847412109,6.415999889373779,5288,0,0.0
2022-03-25,6.559999942779541,6.639999866485596,5.935999870300293,6.480000019073486,17963,0,0.0
2022-03-28,6.559999942779541,6.639999866485596,6.23199987411499,6.23199987411499,3675,0,0.0
2022-03-29,6.559999942779541,6.696000099182129,6.199999809265137,6.440000057220459,9563,0,0.0
2022-03-30,6.639999866485596,6.960000038146973,6.544000148773193,6.760000228881836,15038,0,0.0
2022-03-31,6.71999979019165,6.800000190734863,6.480000019073486,6.639999866485596,3013,0,0.0
2022-04-01,6.776000022888184,7.168000221252441,6.639999866485596,6.960000038146973,14388,0,0.0
2022-04-04,6.960000038146973,7.831999778747559,6.639999866485596,7.679999828338623,37538,0,0.0
2022-04-05,7.599999904632568,7.920000076293945,7.296000003814697,7.320000171661377,8438,0,0.0
2022-04-06,7.199999809265137,7.199999809265137,6.671999931335449,6.920000076293945,9663,0,0.0
2022-04-07,7.0,7.920000076293945,6.639999866485596,6.656000137329102,23975,0,0.0
2022-04-08,6.199999809265137,6.736000061035156,6.199999809265137,6.51200008392334,5775,0,0.0
2022-04-11,5.872000217437744,6.056000232696533,5.679999828338623,5.920000076293945,13863,0,0.0
2022-04-12,5.863999843597412,6.320000171661377,5.607999801635742,5.664000034332275,7900,0,0.0
2022-04-13,5.599999904632568,6.28000020980835,5.599999904632568,6.047999858856201,9163,0,0.0
2022-04-14,6.104000091552734,6.239999771118164,5.840000152587891,6.23199987411499,7413,0,0.0
2022-04-18,6.216000080108643,6.216000080108643,5.599999904632568,5.616000175476074,15275,0,0.0
2022-04-19,5.616000175476074,5.880000114440918,5.599999904632568,5.599999904632568,3438,0,0.0
2022-04-20,5.679999828338623,5.815999984741211,5.519999980926514,5.599999904632568,4075,0,0.0
2022-04-21,5.599999904632568,5.599999904632568,5.23199987411499,5.480000019073486,14038,0,0.0
2022-04-22,5.480000019073486,5.808000087738037,5.176000118255615,5.288000106811523,8525,0,0.0
2022-04-25,5.400000095367432,5.519999980926514,5.0879998207092285,5.144000053405762,4700,0,0.0
2022-04-26,5.28000020980835,5.360000133514404,4.800000190734863,4.840000152587891,8725,0,0.0
2022-04-27,4.639999866485596,4.880000114440918,4.480000019073486,4.544000148773193,7575,0,0.0
2022-04-28,4.480000019073486,4.984000205993652,4.360000133514404,4.360000133514404,19150,0,0.0
2022-04-29,4.208000183105469,4.383999824523926,3.880000114440918,4.079999923706055,10575,0,0.0
2022-05-02,4.079999923706055,4.303999900817871,3.9200000762939453,4.0,16388,0,0.0
2022-05-03,4.239999771118164,4.296000003814697,4.0,4.007999897003174,8575,0,0.0
2022-05-04,4.007999897003174,4.159999847412109,3.9200000762939453,4.0,9125,0,0.0
2022-05-05,4.079999923706055,4.464000225067139,4.039999961853027,4.047999858856201,11163,0,0.0
2022-05-06,4.159999847412109,4.400000095367432,3.759999990463257,3.759999990463257,9663,0,0.0
2022-05-09,3.6480000019073486,3.74399995803833,3.1440000534057617,3.359999895095825,25800,0,0.0
2022-05-10,3.3359999656677246,4.239999771118164,3.2160000801086426,3.2639999389648438,14313,0,0.0
2022-05-11,3.3919999599456787,4.0,3.0399999618530273,3.2160000801086426,12988,0,0.0
2022-05-12,3.0399999618530273,3.4240000247955322,2.8559999465942383,3.0399999618530273,8825,0,0.0
2022-05-13,3.191999912261963,3.200000047683716,2.6480000019073486,3.0799999237060547,24450,0,0.0
2022-05-16,2.992000102996826,3.200000047683716,2.8239998817443848,3.119999885559082,6625,0,0.0
2022-05-17,3.135999917984009,3.312000036239624,3.0480000972747803,3.0959999561309814,7725,0,0.0
2022-05-18,3.6480000019073486,3.6480000019073486,3.0480000972747803,3.119999885559082,18013,0,0.0
2022-05-19,3.0399999618530273,3.431999921798706,2.9679999351501465,3.128000020980835,13413,0,0.0
2022-05-20,3.111999988555908,3.111999988555908,2.799999952316284,2.9760000705718994,6538,0,0.0
2022-05-23,3.0399999618530273,3.4240000247955322,2.880000114440918,2.880000114440918,15350,0,0.0
2022-05-24,3.0799999237060547,3.191999912261963,2.799999952316284,2.808000087738037,7313,0,0.0
2022-05-25,2.9600000381469727,3.1760001182556152,2.8399999141693115,2.880000114440918,9113,0,0.0
2022-05-26,3.0399999618530273,3.2799999713897705,2.9200000762939453,3.119999885559082,42075,0,0.0
2022-05-27,3.240000009536743,3.440000057220459,3.240000009536743,3.440000057220459,9250,0,0.0
2022-05-31,3.4800000190734863,3.559999942779541,3.200000047683716,3.200000047683716,10650,0,0.0
2022-06-01,3.2799999713897705,3.5999999046325684,3.2799999713897705,3.359999895095825,5075,0,0.0
2022-06-02,3.359999895095825,3.440000057220459,3.200000047683716,3.384000062942505,9788,0,0.0
2022-06-03,3.384000062942505,3.384000062942505,2.624000072479248,3.2639999389648438,306463,0,0.0
2022-06-06,3.2639999389648438,3.2720000743865967,2.9600000381469727,3.0239999294281006,17563,0,0.0
2022-06-07,3.0399999618530273,3.200000047683716,3.0,3.119999885559082,34000,0,0.0
2022-06-08,3.200000047683716,3.359999895095825,3.0399999618530273,3.2639999389648438,34238,0,0.0
2022-06-09,3.2799999713897705,3.440000057220459,3.072000026702881,3.119999885559082,46188,0,0.0
2022-06-10,3.119999885559082,3.4000000953674316,3.0480000972747803,3.319999933242798,36113,0,0.0
2022-06-13,3.2799999713897705,3.5999999046325684,3.128000020980835,3.5199999809265137,51413,0,0.0
2022-06-14,3.5439999103546143,3.799999952316284,3.2079999446868896,3.2880001068115234,17375,0,0.0
2022-06-15,3.2880001068115234,3.624000072479248,3.2880001068115234,3.303999900817871,5138,0,0.0
2022-06-16,3.319999933242798,3.5280001163482666,2.808000087738037,3.1440000534057617,34350,0,0.0
2022-06-17,3.0480000972747803,3.319999933242798,2.888000011444092,3.1600000858306885,16350,0,0.0
2022-06-21,2.8399999141693115,3.0179998874664307,2.700000047683716,2.8499999046325684,80500,0,0.125
2022-06-22,2.7100000381469727,2.936000108718872,2.700000047683716,2.700000047683716,32900,0,0.0
2022-06-23,2.819999933242798,3.109999895095825,2.740000009536743,2.9000000953674316,26200,0,0.0
2022-06-24,2.9000000953674316,3.4100000858306885,2.890000104904175,3.1700000762939453,139200,0,0.0
2022-06-27,3.1700000762939453,3.369999885559082,3.1700000762939453,3.2699999809265137,25000,0,0.0
2022-06-28,3.309999942779541,3.687000036239624,3.2899999618530273,3.440000057220459,70000,0,0.0
2022-06-29,3.4100000858306885,3.5409998893737793,3.3350000381469727,3.4200000762939453,26400,0,0.0
2022-06-30,3.3350000381469727,3.4200000762939453,3.259999990463257,3.309999942779541,35300,0,0.0
2022-07-01,3.4700000286102295,3.700000047683716,3.309999942779541,3.5899999141693115,31400,0,0.0
2022-07-05,3.5950000286102295,3.6500000953674316,3.2300000190734863,3.25,43900,0,0.0
2022-07-06,3.200000047683716,3.499000072479248,3.1700000762939453,3.2100000381469727,28500,0,0.0
2022-07-07,3.2200000286102295,3.5,3.190000057220459,3.450000047683716,41200,0,0.0
2022-07-08,3.440000057220459,3.549999952316284,3.308000087738037,3.390000104904175,43000,0,0.0
2022-07-11,3.430000066757202,3.499000072479248,2.9649999141693115,3.0,59000,0,0.0
2022-07-12,3.069999933242798,3.194000005722046,3.069999933242798,3.180000066757202,20600,0,0.0
2022-07-13,3.190000057220459,3.3499999046325684,3.190000057220459,3.259999990463257,14600,0,0.0
2022-07-14,3.190000057220459,3.249000072479248,3.0,3.109999895095825,4300,0,0.0
2022-07-15,3.0999999046325684,3.109999895095825,2.9839999675750732,3.049999952316284,26500,0,0.0
2022-07-18,3.009999990463257,3.069999933242798,2.7200000286102295,2.7899999618530273,46900,0,0.0
2022-07-19,2.759999990463257,2.989000082015991,2.759999990463257,2.859999895095825,15100,0,0.0
