Date,Open,High,Low,Close,Volume,Dividends,Stock Splits
2019-07-29,4.539999961853027,4.539999961853027,4.539999961853027,4.539999961853027,400,0,0
2019-07-30,4.539999961853027,4.539999961853027,4.539999961853027,4.539999961853027,200,0,0
2019-07-31,4.53000020980835,4.53000020980835,4.53000020980835,4.53000020980835,400,0,0
2019-08-01,4.53000020980835,4.690000057220459,4.53000020980835,4.53000020980835,800,0,0
2019-08-02,4.670000076293945,4.929999828338623,4.519999980926514,4.699999809265137,5700,0,0
2019-08-05,4.670000076293945,4.929999828338623,4.519999980926514,4.699999809265137,200,0,0
2019-08-06,4.679999828338623,4.690000057220459,4.679999828338623,4.690000057220459,400,0,0
2019-08-07,4.650000095367432,4.650000095367432,4.650000095367432,4.650000095367432,200,0,0
2019-08-08,4.650000095367432,4.650000095367432,4.650000095367432,4.650000095367432,0,0,0
2019-08-09,4.449999809265137,4.449999809265137,4.309999942779541,4.309999942779541,1200,0,0
2019-08-12,4.449999809265137,4.449999809265137,4.309999942779541,4.309999942779541,1200,0,0
2019-08-13,4.449999809265137,4.449999809265137,4.309999942779541,4.309999942779541,100,0,0
2019-08-14,4.630000114440918,4.630000114440918,4.619999885559082,4.619999885559082,400,0,0
2019-08-15,4.630000114440918,4.630000114440918,4.619999885559082,4.619999885559082,100,0,0
2019-08-16,4.619999885559082,4.619999885559082,4.619999885559082,4.619999885559082,0,0,0
2019-08-19,4.619999885559082,4.619999885559082,4.619999885559082,4.619999885559082,0,0,0
2019-08-20,4.590000152587891,4.590000152587891,4.590000152587891,4.590000152587891,200,0,0
2019-08-21,4.369999885559082,4.369999885559082,4.309999942779541,4.309999942779541,500,0,0
2019-08-22,4.309999942779541,4.309999942779541,4.309999942779541,4.309999942779541,0,0,0
2019-08-23,4.369999885559082,4.369999885559082,4.320000171661377,4.320000171661377,400,0,0
2019-08-26,4.599999904632568,4.599999904632568,4.599999904632568,4.599999904632568,400,0,0
2019-08-27,4.820000171661377,4.829999923706055,4.820000171661377,4.829999923706055,300,0,0
2019-08-28,4.829999923706055,4.829999923706055,4.5,4.5,200,0,0
2019-08-29,4.320000171661377,4.320000171661377,4.320000171661377,4.320000171661377,1000,0,0
2019-08-30,4.300000190734863,4.300000190734863,4.289999961853027,4.289999961853027,800,0,0
2019-09-03,4.210000038146973,4.329999923706055,4.0,4.0,14000,0,0
2019-09-04,4.349999904632568,4.400000095367432,4.349999904632568,4.400000095367432,1300,0,0
2019-09-05,4.300000190734863,4.300000190734863,4.300000190734863,4.300000190734863,100,0,0
2019-09-06,4.179999828338623,4.179999828338623,4.179999828338623,4.179999828338623,100,0,0
2019-09-09,4.179999828338623,4.179999828338623,4.179999828338623,4.179999828338623,0,0,0
2019-09-10,4.179999828338623,4.179999828338623,4.179999828338623,4.179999828338623,0,0,0
2019-09-11,4.179999828338623,4.179999828338623,4.179999828338623,4.179999828338623,0,0,0
2019-09-12,4.179999828338623,4.179999828338623,4.179999828338623,4.179999828338623,0,0,0
2019-09-13,3.880000114440918,4.150000095367432,3.880000114440918,4.150000095367432,600,0,0
2019-09-16,3.8399999141693115,4.0,3.8399999141693115,4.0,1500,0,0
2019-09-17,3.9000000953674316,3.9000000953674316,3.9000000953674316,3.9000000953674316,800,0,0
2019-09-18,3.809999942779541,3.809999942779541,3.809999942779541,3.809999942779541,600,0,0
2019-09-19,3.569999933242798,3.6500000953674316,3.2699999809265137,3.569999933242798,9700,0,0
2019-09-20,3.5,3.5999999046325684,3.359999895095825,3.5999999046325684,16400,0,0
2019-09-23,3.4800000190734863,3.5199999809265137,3.4800000190734863,3.5199999809265137,2600,0,0
2019-09-24,3.569999933242798,3.569999933242798,3.4700000286102295,3.4700000286102295,900,0,0
2019-09-25,3.369999885559082,3.4700000286102295,3.2100000381469727,3.4700000286102295,2700,0,0
2019-09-26,3.200000047683716,3.4200000762939453,3.200000047683716,3.3499999046325684,3000,0,0
2019-09-27,3.3499999046325684,3.5,3.2100000381469727,3.5,2000,0,0
2019-09-30,3.200000047683716,3.200000047683716,3.200000047683716,3.200000047683716,600,0,0
2019-10-01,3.200000047683716,3.200000047683716,3.200000047683716,3.200000047683716,200,0,0
2019-10-02,3.2300000190734863,3.2300000190734863,3.2300000190734863,3.2300000190734863,200,0,0
2019-10-03,3.7300000190734863,3.7300000190734863,3.7300000190734863,3.7300000190734863,100,0,0
2019-10-04,3.240000009536743,3.240000009536743,3.240000009536743,3.240000009536743,400,0,0
2019-10-07,3.240000009536743,3.240000009536743,3.240000009536743,3.240000009536743,100,0,0
2019-10-08,3.240000009536743,3.240000009536743,3.240000009536743,3.240000009536743,100,0,0
2019-10-09,3.680000066757202,3.75,3.630000114440918,3.630000114440918,1300,0,0
2019-10-10,3.630000114440918,3.630000114440918,3.630000114440918,3.630000114440918,100,0,0
2019-10-11,3.630000114440918,3.630000114440918,3.630000114440918,3.630000114440918,200,0,0
2019-10-14,3.630000114440918,3.630000114440918,3.630000114440918,3.630000114440918,0,0,0
2019-10-15,3.630000114440918,3.630000114440918,3.630000114440918,3.630000114440918,100,0,0
2019-10-16,3.3399999141693115,3.3399999141693115,3.3399999141693115,3.3399999141693115,300,0,0
2019-10-17,3.299999952316284,3.630000114440918,3.299999952316284,3.630000114440918,900,0,0
2019-10-18,3.3299999237060547,3.3299999237060547,3.3299999237060547,3.3299999237060547,1000,0,0
2019-10-21,3.3299999237060547,3.3299999237060547,3.3299999237060547,3.3299999237060547,100,0,0
2019-10-22,3.3299999237060547,3.3299999237060547,3.3299999237060547,3.3299999237060547,100,0,0
2019-10-23,3.3299999237060547,3.3299999237060547,3.3299999237060547,3.3299999237060547,0,0,0
2019-10-24,3.3299999237060547,3.3299999237060547,3.3299999237060547,3.3299999237060547,0,0,0
2019-10-25,3.5299999713897705,3.5299999713897705,3.5299999713897705,3.5299999713897705,300,0,0
2019-10-28,3.759999990463257,3.759999990463257,3.2699999809265137,3.2699999809265137,2900,0,0
2019-10-29,3.5999999046325684,3.5999999046325684,3.5999999046325684,3.5999999046325684,200,0,0
2019-10-30,3.5999999046325684,3.5999999046325684,3.5999999046325684,3.5999999046325684,100,0,0
2019-10-31,3.5999999046325684,3.5999999046325684,3.5999999046325684,3.5999999046325684,200,0,0
2019-11-01,3.5999999046325684,3.5999999046325684,3.5999999046325684,3.5999999046325684,100,0,0
2019-11-04,3.5999999046325684,3.5999999046325684,3.5999999046325684,3.5999999046325684,100,0,0
2019-11-05,3.4200000762939453,3.5,3.4000000953674316,3.4000000953674316,1200,0,0
2019-11-06,3.4000000953674316,3.4000000953674316,3.4000000953674316,3.4000000953674316,500,0,0
2019-11-07,3.359999895095825,3.359999895095825,3.359999895095825,3.359999895095825,100,0,0
2019-11-08,3.309999942779541,3.309999942779541,3.309999942779541,3.309999942779541,400,0,0
2019-11-11,3.309999942779541,3.309999942779541,3.309999942779541,3.309999942779541,0,0,0
2019-11-12,3.309999942779541,3.309999942779541,3.309999942779541,3.309999942779541,0,0,0
2019-11-13,3.309999942779541,3.309999942779541,3.309999942779541,3.309999942779541,100,0,0
2019-11-14,3.450000047683716,3.450000047683716,3.450000047683716,3.450000047683716,600,0,0
2019-11-15,3.450000047683716,3.450000047683716,3.450000047683716,3.450000047683716,100,0,0
2019-11-18,3.450000047683716,3.450000047683716,3.450000047683716,3.450000047683716,0,0,0
2019-11-19,3.4200000762939453,3.4200000762939453,3.4000000953674316,3.4000000953674316,600,0,0
2019-11-20,3.4000000953674316,3.4000000953674316,3.4000000953674316,3.4000000953674316,100,0,0
2019-11-21,3.4000000953674316,3.4000000953674316,3.4000000953674316,3.4000000953674316,0,0,0
2019-11-22,3.2200000286102295,3.240000009536743,3.2200000286102295,3.240000009536743,900,0,0
2019-11-25,3.240000009536743,3.240000009536743,3.240000009536743,3.240000009536743,100,0,0
2019-11-26,3.200000047683716,3.200000047683716,3.200000047683716,3.200000047683716,1000,0,0
2019-11-27,3.240000009536743,3.240000009536743,3.240000009536743,3.240000009536743,300,0,0
2019-11-29,3.200000047683716,3.200000047683716,3.200000047683716,3.200000047683716,300,0,0
2019-12-02,3.200000047683716,3.200000047683716,3.200000047683716,3.200000047683716,0,0,0
2019-12-03,3.25,3.380000114440918,3.25,3.380000114440918,2200,0,0
2019-12-04,3.380000114440918,3.380000114440918,3.2100000381469727,3.2100000381469727,5900,0,0
2019-12-05,3.2100000381469727,3.2100000381469727,3.2100000381469727,3.2100000381469727,0,0,0
2019-12-06,3.200000047683716,3.200000047683716,3.0,3.0,2300,0,0
2019-12-09,3.0,3.0,3.0,3.0,300,0,0
2019-12-10,3.0,3.0,3.0,3.0,0,0,0
2019-12-11,2.8499999046325684,2.8499999046325684,2.8499999046325684,2.8499999046325684,500,0,0
2019-12-12,2.8499999046325684,2.8499999046325684,2.8499999046325684,2.8499999046325684,0,0,0
2019-12-13,3.359999895095825,3.359999895095825,3.0199999809265137,3.140000104904175,1400,0,0
2019-12-16,2.9700000286102295,3.009999990463257,2.9700000286102295,3.009999990463257,1000,0,0
2019-12-17,2.640000104904175,2.6500000953674316,2.640000104904175,2.6500000953674316,400,0,0
2019-12-18,3.359999895095825,3.7300000190734863,3.130000114440918,3.7300000190734863,10600,0,0
2019-12-19,3.7200000286102295,3.7200000286102295,3.6600000858306885,3.690000057220459,5100,0,0
2019-12-20,3.7300000190734863,3.740000009536743,3.6600000858306885,3.740000009536743,3700,0,0
2019-12-23,3.5,3.740000009536743,3.009999990463257,3.450000047683716,1700,0,0
2019-12-24,3.450000047683716,3.450000047683716,3.450000047683716,3.450000047683716,0,0,0
2019-12-26,3.0899999141693115,3.0899999141693115,3.0899999141693115,3.0899999141693115,200,0,0
2019-12-27,2.759999990463257,4.300000190734863,2.759999990463257,4.0,9700,0,0
2019-12-30,3.809999942779541,3.819999933242798,3.440000057220459,3.440000057220459,1700,0,0
2019-12-31,3.5199999809265137,3.5899999141693115,3.5199999809265137,3.5899999141693115,400,0,0
2020-01-02,3.5999999046325684,3.9700000286102295,3.5999999046325684,3.9700000286102295,3700,0,0
2020-01-03,3.950000047683716,3.950000047683716,3.9000000953674316,3.9000000953674316,300,0,0
2020-01-06,3.9000000953674316,3.9000000953674316,3.9000000953674316,3.9000000953674316,0,0,0
2020-01-07,3.9000000953674316,3.9000000953674316,3.9000000953674316,3.9000000953674316,0,0,0
2020-01-08,3.259999990463257,4.75,3.259999990463257,3.9000000953674316,19400,0,0
2020-01-09,3.9000000953674316,6.619999885559082,3.890000104904175,4.090000152587891,183900,0,0
2020-01-10,4.099999904632568,4.46999979019165,4.099999904632568,4.300000190734863,1400,0,0
2020-01-13,4.139999866485596,4.139999866485596,4.139999866485596,4.139999866485596,300,0,0
2020-01-14,4.190000057220459,4.210000038146973,4.190000057220459,4.199999809265137,1800,0,0
2020-01-15,4.199999809265137,4.199999809265137,4.199999809265137,4.199999809265137,0,0,0
2020-01-16,3.8499999046325684,3.880000114440918,3.5,3.7100000381469727,9600,0,0
2020-01-17,3.990000009536743,3.990000009536743,3.7100000381469727,3.7100000381469727,500,0,0
2020-01-21,3.7100000381469727,3.7100000381469727,3.7100000381469727,3.7100000381469727,0,0,0
2020-01-22,4.0,4.0,4.0,4.0,200,0,0
2020-01-23,3.75,3.759999990463257,3.7100000381469727,3.7100000381469727,500,0,0
2020-01-24,3.7100000381469727,3.7100000381469727,3.7100000381469727,3.7100000381469727,0,0,0
2020-01-27,3.7100000381469727,3.7100000381469727,3.7100000381469727,3.7100000381469727,0,0,0
2020-01-28,3.7100000381469727,3.7100000381469727,3.7100000381469727,3.7100000381469727,0,0,0
2020-01-29,3.7100000381469727,3.7100000381469727,3.7100000381469727,3.7100000381469727,0,0,0
2020-01-30,3.7100000381469727,3.7100000381469727,3.7100000381469727,3.7100000381469727,0,0,0
2020-01-31,3.930000066757202,3.930000066757202,3.8499999046325684,3.869999885559082,1100,0,0
2020-02-03,3.890000104904175,4.28000020980835,3.890000104904175,4.28000020980835,400,0,0
2020-02-04,4.28000020980835,4.28000020980835,4.28000020980835,4.28000020980835,0,0,0
2020-02-05,4.28000020980835,4.28000020980835,4.28000020980835,4.28000020980835,0,0,0
2020-02-06,3.880000114440918,4.0,3.880000114440918,4.0,600,0,0
2020-02-07,4.0,4.0,4.0,4.0,0,0,0
2020-02-10,4.0,4.090000152587891,4.0,4.090000152587891,1000,0,0
2020-02-11,4.179999828338623,4.179999828338623,4.179999828338623,4.179999828338623,100,0,0
2020-02-12,4.099999904632568,4.099999904632568,3.809999942779541,4.099999904632568,400,0,0
2020-02-13,4.099999904632568,4.099999904632568,4.099999904632568,4.099999904632568,0,0,0
2020-02-14,4.099999904632568,4.099999904632568,4.099999904632568,4.099999904632568,0,0,0
2020-02-18,4.099999904632568,4.099999904632568,4.099999904632568,4.099999904632568,0,0,0
2020-02-19,4.099999904632568,4.099999904632568,4.099999904632568,4.099999904632568,0,0,0
2020-02-20,4.230000019073486,6.28000020980835,4.230000019073486,6.0,85800,0,0
2020-02-21,6.239999771118164,8.880000114440918,4.900000095367432,5.269999980926514,942600,0,0
2020-02-24,5.010000228881836,5.199999809265137,3.549999952316284,3.630000114440918,117700,0,0
2020-02-25,3.8299999237060547,3.890000104904175,3.4000000953674316,3.549999952316284,77300,0,0
2020-02-26,3.5999999046325684,3.7899999618530273,3.5999999046325684,3.7200000286102295,8700,0,0
2020-02-27,3.700000047683716,3.990000009536743,3.700000047683716,3.880000114440918,16100,0,0
2020-02-28,3.880000114440918,4.0,3.4600000381469727,3.4600000381469727,11200,0,0
2020-03-02,3.640000104904175,3.640000104904175,3.5,3.509999990463257,1100,0,0
2020-03-03,3.6700000762939453,3.6700000762939453,3.549999952316284,3.549999952316284,1800,0,0
2020-03-04,3.6500000953674316,3.6500000953674316,3.6500000953674316,3.6500000953674316,1300,0,0
2020-03-05,3.3299999237060547,3.559999942779541,3.3299999237060547,3.4800000190734863,800,0,0
2020-03-06,3.4000000953674316,3.4000000953674316,3.4000000953674316,3.4000000953674316,300,0,0
2020-03-09,3.5,3.5,3.380000114440918,3.380000114440918,1700,0,0
2020-03-10,3.4700000286102295,3.4700000286102295,3.299999952316284,3.4700000286102295,4100,0,0
2020-03-11,3.4000000953674316,3.490000009536743,3.2100000381469727,3.299999952316284,4000,0,0
2020-03-12,3.299999952316284,3.359999895095825,3.299999952316284,3.359999895095825,4300,0,0
2020-03-13,3.2200000286102295,3.2200000286102295,3.2200000286102295,3.2200000286102295,200,0,0
2020-03-16,3.3499999046325684,3.3499999046325684,3.119999885559082,3.119999885559082,2500,0,0
2020-03-17,3.119999885559082,3.119999885559082,3.119999885559082,3.119999885559082,0,0,0
2020-03-18,3.119999885559082,3.200000047683716,3.119999885559082,3.200000047683716,1100,0,0
2020-03-19,3.200000047683716,3.200000047683716,3.200000047683716,3.200000047683716,1200,0,0
2020-03-20,3.130000114440918,3.130000114440918,3.119999885559082,3.119999885559082,2100,0,0
2020-03-23,3.180000066757202,3.180000066757202,2.9600000381469727,2.9600000381469727,1400,0,0
2020-03-24,3.0,3.0,2.9100000858306885,2.9100000858306885,700,0,0
2020-03-25,2.8299999237060547,2.940000057220459,2.809999942779541,2.940000057220459,1400,0,0
2020-03-26,3.059999942779541,3.299999952316284,3.059999942779541,3.130000114440918,3100,0,0
2020-03-27,2.869999885559082,3.0,2.869999885559082,2.950000047683716,2100,0,0
2020-03-30,3.200000047683716,3.200000047683716,3.0,3.0,700,0,0
2020-03-31,3.119999885559082,3.119999885559082,3.119999885559082,3.119999885559082,400,0,0
2020-04-01,3.0,3.0999999046325684,2.950000047683716,3.0999999046325684,3400,0,0
2020-04-02,2.9100000858306885,3.390000104904175,2.9100000858306885,3.390000104904175,2200,0,0
2020-04-03,2.9200000762939453,2.9200000762939453,2.9000000953674316,2.9000000953674316,1100,0,0
2020-04-06,2.930000066757202,2.9600000381469727,2.7300000190734863,2.7300000190734863,5700,0,0
2020-04-07,2.869999885559082,2.869999885559082,2.819999933242798,2.8299999237060547,1300,0,0
2020-04-08,3.0399999618530273,3.0399999618530273,3.0399999618530273,3.0399999618530273,200,0,0
2020-04-09,2.930000066757202,2.930000066757202,2.799999952316284,2.799999952316284,1400,0,0
2020-04-13,2.8299999237060547,2.8299999237060547,2.8299999237060547,2.8299999237060547,400,0,0
2020-04-14,2.799999952316284,2.859999895095825,2.799999952316284,2.8399999141693115,1600,0,0
2020-04-15,2.8399999141693115,2.8399999141693115,2.8399999141693115,2.8399999141693115,0,0,0
2020-04-16,2.880000114440918,2.880000114440918,2.880000114440918,2.880000114440918,400,0,0
2020-04-17,3.0,3.0,2.890000104904175,2.9800000190734863,1900,0,0
2020-04-20,3.0,3.390000104904175,3.0,3.380000114440918,10900,0,0
2020-04-21,3.200000047683716,3.3399999141693115,2.700000047683716,3.3299999237060547,14400,0,0
2020-04-22,3.2899999618530273,3.9600000381469727,3.25,3.5999999046325684,30600,0,0
2020-04-23,3.5799999237060547,3.859999895095825,3.5799999237060547,3.7799999713897705,11900,0,0
2020-04-24,3.759999990463257,3.859999895095825,3.759999990463257,3.7699999809265137,10300,0,0
2020-04-27,3.630000114440918,3.630000114440918,2.950000047683716,3.430000066757202,1400,0,0
2020-04-28,3.2899999618530273,3.3499999046325684,3.2799999713897705,3.299999952316284,5900,0,0
2020-04-29,3.450000047683716,3.450000047683716,3.4000000953674316,3.4000000953674316,700,0,0
2020-04-30,3.4000000953674316,3.4000000953674316,3.4000000953674316,3.4000000953674316,200,0,0
2020-05-01,3.4000000953674316,3.4000000953674316,3.4000000953674316,3.4000000953674316,0,0,0
2020-05-04,3.4700000286102295,3.4700000286102295,3.4700000286102295,3.4700000286102295,400,0,0
2020-05-05,3.440000057220459,3.7200000286102295,3.440000057220459,3.7200000286102295,700,0,0
2020-05-06,3.7200000286102295,3.7200000286102295,3.7200000286102295,3.7200000286102295,0,0,0
2020-05-07,3.7200000286102295,3.7200000286102295,3.7200000286102295,3.7200000286102295,0,0,0
2020-05-08,3.7200000286102295,3.7200000286102295,3.7200000286102295,3.7200000286102295,0,0,0
2020-05-11,3.690000057220459,3.700000047683716,3.319999933242798,3.3299999237060547,1600,0,0
2020-05-12,3.4000000953674316,3.4000000953674316,3.4000000953674316,3.4000000953674316,600,0,0
2020-05-13,3.559999942779541,3.559999942779541,3.369999885559082,3.5,800,0,0
2020-05-14,3.5,3.5,3.390000104904175,3.390000104904175,1000,0,0
2020-05-15,3.390000104904175,3.390000104904175,3.390000104904175,3.390000104904175,0,0,0
2020-05-18,3.450000047683716,3.5399999618530273,3.390000104904175,3.5399999618530273,1100,0,0
2020-05-19,3.75,3.75,3.6700000762939453,3.6700000762939453,300,0,0
2020-05-20,3.549999952316284,3.549999952316284,3.069999933242798,3.3499999046325684,1900,0,0
2020-05-21,3.3499999046325684,3.3499999046325684,3.3499999046325684,3.3499999046325684,0,0,0
2020-05-22,3.3499999046325684,3.3499999046325684,3.3499999046325684,3.3499999046325684,0,0,0
2020-05-26,3.359999895095825,3.359999895095825,3.359999895095825,3.359999895095825,400,0,0
2020-05-27,3.359999895095825,3.359999895095825,3.359999895095825,3.359999895095825,0,0,0
2020-05-28,3.359999895095825,3.359999895095825,3.359999895095825,3.359999895095825,0,0,0
2020-05-29,3.359999895095825,3.359999895095825,3.359999895095825,3.359999895095825,0,0,0
2020-06-01,3.359999895095825,3.819999933242798,3.259999990463257,3.5,24600,0,0
2020-06-02,3.490000009536743,3.7899999618530273,3.299999952316284,3.7799999713897705,15900,0,0
2020-06-03,3.799999952316284,3.799999952316284,3.4100000858306885,3.4700000286102295,10100,0,0
2020-06-04,3.740000009536743,3.740000009536743,3.5899999141693115,3.740000009536743,2100,0,0
2020-06-05,3.5999999046325684,3.5999999046325684,3.5199999809265137,3.559999942779541,10200,0,0
2020-06-08,3.700000047683716,4.070000171661377,3.700000047683716,4.0,14800,0,0
2020-06-09,3.7799999713897705,4.119999885559082,3.7799999713897705,4.050000190734863,6700,0,0
2020-06-10,4.0,4.099999904632568,3.8499999046325684,3.950000047683716,4700,0,0
2020-06-11,3.950000047683716,4.889999866485596,3.700000047683716,4.230000019073486,43900,0,0
2020-06-12,4.239999771118164,4.239999771118164,3.819999933242798,4.150000095367432,1600,0,0
2020-06-15,3.990000009536743,4.260000228881836,3.7699999809265137,3.7699999809265137,7000,0,0
2020-06-16,3.809999942779541,4.300000190734863,3.7899999618530273,3.990000009536743,53400,0,0
2020-06-17,4.489999771118164,4.929999828338623,3.859999895095825,3.940000057220459,82600,0,0
2020-06-18,3.7899999618530273,4.199999809265137,3.6600000858306885,3.8399999141693115,20100,0,0
2020-06-19,3.700000047683716,3.9800000190734863,3.700000047683716,3.9200000762939453,16300,0,0
2020-06-22,3.950000047683716,4.130000114440918,3.799999952316284,4.119999885559082,7600,0,0
2020-06-23,4.050000190734863,4.050000190734863,3.9000000953674316,3.930000066757202,1500,0,0
2020-06-24,4.070000171661377,4.070000171661377,3.799999952316284,3.9100000858306885,6100,0,0
2020-06-25,4.059999942779541,4.820000171661377,3.940000057220459,4.75,75600,0,0
2020-06-26,5.21999979019165,6.690000057220459,4.559999942779541,4.710000038146973,349700,0,0
2020-06-29,4.570000171661377,4.659999847412109,4.150000095367432,4.659999847412109,24600,0,0
2020-06-30,4.059999942779541,4.820000171661377,4.059999942779541,4.75,15100,0,0
2020-07-01,4.300000190734863,4.929999828338623,4.269999980926514,4.909999847412109,3100,0,0
2020-07-02,5.130000114440918,5.849999904632568,4.5,4.659999847412109,36700,0,0
2020-07-06,4.570000171661377,4.789999961853027,4.010000228881836,4.179999828338623,12800,0,0
2020-07-07,4.130000114440918,4.199999809265137,3.75,3.9200000762939453,7500,0,0
2020-07-08,3.9800000190734863,4.179999828338623,3.880000114440918,4.0,11800,0,0
2020-07-09,4.139999866485596,4.21999979019165,4.0,4.0,3300,0,0
2020-07-10,3.940000057220459,4.090000152587891,3.940000057220459,3.950000047683716,2500,0,0
2020-07-13,4.139999866485596,4.139999866485596,3.8299999237060547,3.8299999237060547,4800,0,0
2020-07-14,3.799999952316284,4.0,3.7799999713897705,3.8299999237060547,4600,0,0
2020-07-15,3.950000047683716,4.050000190734863,3.8499999046325684,3.8499999046325684,9100,0,0
2020-07-16,3.930000066757202,4.059999942779541,3.8499999046325684,4.050000190734863,1900,0,0
2020-07-17,4.050000190734863,4.050000190734863,4.050000190734863,4.050000190734863,0,0,0
2020-07-20,4.090000152587891,4.139999866485596,4.010000228881836,4.099999904632568,3500,0,0
2020-07-21,4.019999980926514,4.139999866485596,4.019999980926514,4.139999866485596,1100,0,0
2020-07-22,4.130000114440918,4.53000020980835,4.130000114440918,4.369999885559082,17000,0,0
2020-07-23,4.329999923706055,4.599999904632568,4.309999942779541,4.329999923706055,7200,0,0
2020-07-24,4.269999980926514,4.269999980926514,4.179999828338623,4.179999828338623,2700,0,0
2020-07-27,4.340000152587891,4.340000152587891,4.300000190734863,4.320000171661377,400,0,0
2020-07-28,4.579999923706055,4.699999809265137,4.579999923706055,4.690000057220459,2500,0,0
2020-07-29,4.679999828338623,4.679999828338623,4.369999885559082,4.619999885559082,2000,0,0
2020-07-30,4.510000228881836,4.940000057220459,4.5,4.760000228881836,6200,0,0
2020-07-31,4.880000114440918,4.880000114440918,4.880000114440918,4.880000114440918,200,0,0
2020-08-03,4.929999828338623,5.360000133514404,4.699999809265137,4.829999923706055,6600,0,0
2020-08-04,4.75,4.75,4.28000020980835,4.75,15800,0,0
2020-08-05,4.849999904632568,5.119999885559082,4.199999809265137,4.389999866485596,13300,0,0
2020-08-06,4.389999866485596,4.409999847412109,4.389999866485596,4.409999847412109,400,0,0
2020-08-07,4.400000095367432,4.550000190734863,4.400000095367432,4.46999979019165,2400,0,0
2020-08-10,4.349999904632568,4.349999904632568,4.139999866485596,4.320000171661377,12700,0,0
2020-08-11,4.360000133514404,4.800000190734863,4.28000020980835,4.28000020980835,15000,0,0
2020-08-12,4.53000020980835,4.610000133514404,4.480000019073486,4.610000133514404,1000,0,0
2020-08-13,4.610000133514404,4.610000133514404,4.610000133514404,4.610000133514404,0,0,0
2020-08-14,4.610000133514404,4.610000133514404,4.610000133514404,4.610000133514404,0,0,0
2020-08-17,4.550000190734863,4.550000190734863,4.260000228881836,4.400000095367432,18200,0,0
2020-08-18,5.150000095367432,5.46999979019165,4.71999979019165,4.900000095367432,38700,0,0
2020-08-19,5.0,5.0,4.619999885559082,4.619999885559082,7800,0,0
2020-08-20,4.679999828338623,4.869999885559082,4.619999885559082,4.679999828338623,13200,0,0
2020-08-21,4.840000152587891,4.840000152587891,4.650000095367432,4.650000095367432,700,0,0
2020-08-24,4.849999904632568,4.849999904632568,4.550000190734863,4.800000190734863,3300,0,0
2020-08-25,4.730000019073486,4.829999923706055,4.579999923706055,4.579999923706055,3500,0,0
2020-08-26,4.579999923706055,4.789999961853027,4.519999980926514,4.760000228881836,2500,0,0
2020-08-27,4.579999923706055,4.849999904632568,4.579999923706055,4.849999904632568,400,0,0
2020-08-28,4.610000133514404,4.800000190734863,4.610000133514404,4.800000190734863,400,0,0
2020-08-31,4.980000019073486,4.980000019073486,4.980000019073486,4.980000019073486,600,0,0
2020-09-01,4.610000133514404,4.980000019073486,4.570000171661377,4.980000019073486,441000,0,0
2020-09-02,5.429999828338623,6.480000019073486,5.179999828338623,6.070000171661377,2479200,0,0
2020-09-03,5.619999885559082,5.940000057220459,5.320000171661377,5.590000152587891,76000,0,0
2020-09-04,5.340000152587891,5.510000228881836,5.230000019073486,5.329999923706055,25600,0,0
2020-09-08,5.5,5.550000190734863,5.070000171661377,5.360000133514404,30300,0,0
2020-09-09,5.769999980926514,5.769999980926514,4.659999847412109,5.0,28900,0,0
2020-09-10,4.980000019073486,4.980000019073486,4.710000038146973,4.949999809265137,5800,0,0
2020-09-11,4.769999980926514,5.150000095367432,4.769999980926514,4.869999885559082,7900,0,0
2020-09-14,5.139999866485596,5.230000019073486,4.989999771118164,5.099999904632568,10100,0,0
2020-09-15,5.150000095367432,5.320000171661377,5.050000190734863,5.28000020980835,16200,0,0
2020-09-16,5.28000020980835,5.329999923706055,5.269999980926514,5.309999942779541,11700,0,0
2020-09-17,5.28000020980835,5.309999942779541,5.239999771118164,5.309999942779541,14800,0,0
2020-09-18,5.230000019073486,5.309999942779541,5.0,5.019999980926514,9000,0,0
2020-09-21,5.309999942779541,5.309999942779541,4.920000076293945,5.019999980926514,2600,0,0
2020-09-22,5.179999828338623,5.340000152587891,5.179999828338623,5.340000152587891,8500,0,0
2020-09-23,5.340000152587891,5.989999771118164,4.800000190734863,5.0,28900,0,0
2020-09-24,5.050000190734863,5.050000190734863,4.590000152587891,4.630000114440918,10500,0,0
2020-09-25,4.46999979019165,5.010000228881836,4.46999979019165,4.760000228881836,17600,0,0
2020-09-28,5.039999961853027,5.079999923706055,4.710000038146973,5.059999942779541,800,0,0
2020-09-29,5.050000190734863,5.059999942779541,5.039999961853027,5.059999942779541,1700,0,0
2020-09-30,5.090000152587891,5.190000057220459,4.96999979019165,5.190000057220459,3800,0,0
2020-10-01,5.099999904632568,5.199999809265137,5.03000020980835,5.199999809265137,6200,0,0
2020-10-02,5.400000095367432,5.539999961853027,4.860000133514404,4.860000133514404,13000,0,0
2020-10-05,5.679999828338623,5.679999828338623,5.099999904632568,5.349999904632568,1800,0,0
2020-10-06,5.010000228881836,5.300000190734863,5.010000228881836,5.099999904632568,800,0,0
2020-10-07,5.130000114440918,5.130000114440918,5.099999904632568,5.130000114440918,1800,0,0
2020-10-08,5.699999809265137,5.699999809265137,5.329999923706055,5.389999866485596,1600,0,0
2020-10-09,4.960000038146973,5.110000133514404,4.960000038146973,5.099999904632568,4400,0,0
2020-10-12,5.260000228881836,5.360000133514404,4.909999847412109,5.360000133514404,2800,0,0
2020-10-13,5.179999828338623,5.179999828338623,5.179999828338623,5.179999828338623,2000,0,0
2020-10-14,4.75,4.860000133514404,4.699999809265137,4.860000133514404,3400,0,0
2020-10-15,4.869999885559082,5.300000190734863,4.699999809265137,4.96999979019165,18200,0,0
2020-10-16,4.869999885559082,5.340000152587891,4.869999885559082,5.28000020980835,8700,0,0
2020-10-19,5.28000020980835,5.28000020980835,5.050000190734863,5.070000171661377,1000,0,0
2020-10-20,5.019999980926514,6.0,5.019999980926514,6.0,19400,0,0
2020-10-21,5.670000076293945,6.0,5.159999847412109,5.960000038146973,6300,0,0
2020-10-22,5.960000038146973,5.960000038146973,5.78000020980835,5.78000020980835,700,0,0
2020-10-23,5.989999771118164,7.0,5.989999771118164,6.909999847412109,41500,0,0
2020-10-26,7.0,7.110000133514404,6.059999942779541,6.099999904632568,19900,0,0
2020-10-27,6.480000019073486,6.860000133514404,6.340000152587891,6.340000152587891,8200,0,0
2020-10-28,6.269999980926514,6.460000038146973,6.239999771118164,6.400000095367432,2500,0,0
2020-10-29,6.050000190734863,6.050000190734863,5.989999771118164,5.989999771118164,1200,0,0
2020-10-30,6.019999980926514,6.480000019073486,6.019999980926514,6.090000152587891,9600,0,0
2020-11-02,6.090000152587891,6.409999847412109,6.090000152587891,6.389999866485596,2400,0,0
2020-11-03,5.809999942779541,6.889999866485596,5.809999942779541,6.860000133514404,8400,0,0
2020-11-04,6.690000057220459,6.840000152587891,6.199999809265137,6.46999979019165,6700,0,0
2020-11-05,6.699999809265137,6.699999809265137,6.46999979019165,6.599999904632568,3600,0,0
2020-11-06,6.690000057220459,6.699999809265137,6.690000057220459,6.690000057220459,700,0,0
2020-11-09,6.690000057220459,6.690000057220459,6.690000057220459,6.690000057220459,0,0,0
2020-11-10,6.389999866485596,6.400000095367432,6.099999904632568,6.199999809265137,4400,0,0
2020-11-11,6.170000076293945,6.699999809265137,6.170000076293945,6.699999809265137,4600,0,0
2020-11-12,6.420000076293945,6.699999809265137,6.420000076293945,6.699999809265137,5800,0,0
2020-11-13,6.460000038146973,6.550000190734863,6.460000038146973,6.53000020980835,1700,0,0
2020-11-16,6.940000057220459,6.940000057220459,6.78000020980835,6.809999942779541,3800,0,0
2020-11-17,6.820000171661377,6.869999885559082,6.659999847412109,6.659999847412109,800,0,0
2020-11-18,6.659999847412109,6.900000095367432,6.440000057220459,6.440000057220459,2300,0,0
2020-11-19,6.480000019073486,6.900000095367432,6.480000019073486,6.800000190734863,900,0,0
2020-11-20,6.829999923706055,6.900000095367432,6.519999980926514,6.630000114440918,3400,0,0
2020-11-23,6.639999866485596,6.940000057220459,6.53000020980835,6.840000152587891,6900,0,0
2020-11-24,6.940000057220459,6.940000057220459,6.610000133514404,6.800000190734863,3400,0,0
2020-11-25,6.730000019073486,6.840000152587891,6.730000019073486,6.840000152587891,900,0,0
2020-11-27,6.989999771118164,7.010000228881836,6.739999771118164,7.0,7200,0,0
2020-11-30,7.050000190734863,7.25,7.050000190734863,7.25,1600,0,0
2020-12-01,6.760000228881836,7.059999942779541,6.760000228881836,7.059999942779541,1300,0,0
2020-12-02,6.949999809265137,7.190000057220459,6.949999809265137,7.150000095367432,1400,0,0
2020-12-03,7.25,7.440000057220459,7.110000133514404,7.239999771118164,8100,0,0
2020-12-04,7.190000057220459,7.400000095367432,7.159999847412109,7.309999942779541,2000,0,0
2020-12-07,7.340000152587891,7.340000152587891,7.260000228881836,7.260000228881836,1200,0,0
2020-12-08,7.400000095367432,7.400000095367432,7.360000133514404,7.400000095367432,1700,0,0
2020-12-09,7.110000133514404,7.170000076293945,7.110000133514404,7.170000076293945,500,0,0
2020-12-10,7.099999904632568,7.400000095367432,7.099999904632568,7.349999904632568,2200,0,0
2020-12-11,7.349999904632568,7.400000095367432,7.059999942779541,7.349999904632568,1800,0,0
2020-12-14,7.349999904632568,7.400000095367432,7.329999923706055,7.329999923706055,2100,0,0
2020-12-15,7.369999885559082,7.619999885559082,7.349999904632568,7.510000228881836,4100,0,0
2020-12-16,7.510000228881836,7.619999885559082,7.210000038146973,7.5,1400,0,0
2020-12-17,7.489999771118164,7.550000190734863,7.489999771118164,7.550000190734863,300,0,0
2020-12-18,7.869999885559082,7.869999885559082,7.599999904632568,7.599999904632568,6400,0,0
2020-12-21,7.599999904632568,7.630000114440918,7.599999904632568,7.619999885559082,900,0,0
2020-12-22,7.690000057220459,7.869999885559082,7.650000095367432,7.869999885559082,3000,0,0
2020-12-23,7.809999942779541,7.869999885559082,7.809999942779541,7.869999885559082,1100,0,0
2020-12-24,7.860000133514404,7.860000133514404,7.320000171661377,7.329999923706055,9000,0,0
2020-12-28,7.329999923706055,7.329999923706055,6.900000095367432,6.900000095367432,1200,0,0
2020-12-29,6.909999847412109,6.980000019073486,6.449999809265137,6.449999809265137,12100,0,0
2020-12-30,7.079999923706055,7.480000019073486,7.079999923706055,7.300000190734863,9800,0,0
2020-12-31,7.489999771118164,7.489999771118164,6.78000020980835,7.0,900,0,0
2021-01-04,6.610000133514404,6.860000133514404,6.409999847412109,6.489999771118164,3100,0,0
2021-01-05,6.510000228881836,6.900000095367432,6.449999809265137,6.809999942779541,4200,0,0
2021-01-06,6.78000020980835,6.78000020980835,6.53000020980835,6.760000228881836,700,0,0
2021-01-07,6.909999847412109,7.090000152587891,6.909999847412109,7.090000152587891,600,0,0
2021-01-08,6.639999866485596,6.699999809265137,6.639999866485596,6.699999809265137,1000,0,0
2021-01-11,6.690000057220459,6.800000190734863,6.690000057220459,6.800000190734863,500,0,0
2021-01-12,6.440000057220459,6.940000057220459,6.440000057220459,6.460000038146973,3100,0,0
2021-01-13,6.940000057220459,6.940000057220459,6.449999809265137,6.599999904632568,14800,0,0
2021-01-14,6.800000190734863,6.800000190734863,6.5,6.5,6400,0,0
2021-01-15,6.5,6.5,6.210000038146973,6.400000095367432,12100,0,0
2021-01-19,6.510000228881836,6.559999942779541,6.400000095367432,6.5,5200,0,0
2021-01-20,6.480000019073486,6.480000019073486,6.199999809265137,6.199999809265137,12600,0,0
2021-01-21,6.46999979019165,7.449999809265137,6.25,6.96999979019165,9500,0,0
2021-01-22,6.550000190734863,7.059999942779541,6.550000190734863,7.059999942779541,2900,0,0
2021-01-25,7.110000133514404,7.320000171661377,6.860000133514404,7.059999942779541,19100,0,0
2021-01-26,7.070000171661377,7.309999942779541,7.019999980926514,7.119999885559082,18800,0,0
2021-01-27,7.119999885559082,7.650000095367432,7.119999885559082,7.630000114440918,16500,0,0
2021-01-28,7.420000076293945,8.0,7.360000133514404,7.75,15400,0,0
2021-01-29,8.0,8.649999618530273,7.730000019073486,8.489999771118164,15800,0,0
2021-02-01,8.630000114440918,9.25,8.0,8.59000015258789,8500,0,0
2021-02-02,8.75,9.430000305175781,8.75,9.319999694824219,12800,0,0
2021-02-03,9.25,9.479999542236328,8.930000305175781,8.949999809265137,22100,0,0
2021-02-04,9.289999961853027,9.289999961853027,8.680000305175781,8.710000038146973,15200,0,0
2021-02-05,9.890000343322754,18.729999542236328,9.800000190734863,12.880000114440918,363000,0,0
2021-02-08,12.5,12.5,11.0,12.100000381469727,77300,0,0
2021-02-09,11.680000305175781,12.100000381469727,11.25,11.729999542236328,22400,0,0
2021-02-10,11.380000114440918,11.520000457763672,10.319999694824219,11.0,24500,0,0
2021-02-11,10.789999961853027,11.5600004196167,10.5600004196167,11.380000114440918,19100,0,0
2021-02-12,11.779999732971191,11.779999732971191,11.140000343322754,11.40999984741211,10800,0,0
2021-02-16,11.399999618530273,12.449999809265137,11.399999618530273,11.399999618530273,14400,0,0
2021-02-17,11.020000457763672,11.369999885559082,10.65999984741211,10.670000076293945,10900,0,0
2021-02-18,10.210000038146973,11.079999923706055,9.210000038146973,10.90999984741211,8500,0,0
2021-02-19,9.859999656677246,10.779999732971191,9.859999656677246,10.609999656677246,5900,0,0
2021-02-22,10.039999961853027,10.579999923706055,9.649999618530273,9.770000457763672,5700,0,0
2021-02-23,9.510000228881836,9.649999618530273,9.010000228881836,9.239999771118164,2500,0,0
2021-02-24,9.010000228881836,10.220000267028809,9.010000228881836,9.390000343322754,2900,0,0
2021-02-25,9.5,9.899999618530273,9.5,9.880000114440918,4000,0,0
2021-02-26,9.880000114440918,9.880000114440918,9.510000228881836,9.869999885559082,1500,0,0
2021-03-01,9.510000228881836,9.729999542236328,9.510000228881836,9.510000228881836,1700,0,0
2021-03-02,9.3100004196167,9.600000381469727,9.3100004196167,9.600000381469727,700,0,0
2021-03-03,9.1899995803833,9.1899995803833,9.1899995803833,9.1899995803833,700,0,0
2021-03-04,9.0,9.0,8.050000190734863,8.100000381469727,5400,0,0
2021-03-05,8.0,8.34000015258789,7.570000171661377,7.829999923706055,23400,0,0
2021-03-08,8.0,8.0,7.75,7.849999904632568,1900,0,0
2021-03-09,8.619999885559082,9.0,7.889999866485596,8.880000114440918,14400,0,0
2021-03-10,8.489999771118164,8.489999771118164,8.149999618530273,8.25,3200,0,0
2021-03-11,9.0,9.180000305175781,8.800000190734863,8.859999656677246,1400,0,0
2021-03-12,9.8100004196167,9.8100004196167,8.460000038146973,8.600000381469727,6300,0,0
2021-03-15,8.6899995803833,8.720000267028809,8.6899995803833,8.6899995803833,1100,0,0
2021-03-16,8.6899995803833,14.699999809265137,8.680000305175781,9.039999961853027,287600,0,0
2021-03-17,8.550000190734863,9.760000228881836,8.270000457763672,9.050000190734863,21900,0,0
2021-03-18,9.899999618530273,9.899999618530273,8.930000305175781,8.989999771118164,7500,0,0
2021-03-19,9.029999732971191,9.289999961853027,8.739999771118164,9.0,5700,0,0
2021-03-22,9.760000228881836,9.760000228881836,8.800000190734863,8.800000190734863,6600,0,0
2021-03-23,8.800000190734863,8.989999771118164,8.4399995803833,8.479999542236328,3700,0,0
2021-03-24,8.4399995803833,8.800000190734863,8.4399995803833,8.680000305175781,3400,0,0
2021-03-25,8.25,8.9399995803833,8.149999618530273,8.380000114440918,6800,0,0
2021-03-26,8.430000305175781,8.930000305175781,8.210000038146973,8.930000305175781,2100,0,0
2021-03-29,8.930000305175781,9.470000267028809,8.399999618530273,8.520000457763672,5100,0,0
2021-03-30,8.649999618530273,9.239999771118164,8.649999618530273,8.989999771118164,2000,0,0
2021-03-31,9.369999885559082,9.640000343322754,8.470000267028809,8.6899995803833,15300,0,0
2021-04-01,9.170000076293945,9.1899995803833,8.550000190734863,9.130000114440918,7400,0,0
2021-04-05,9.460000038146973,9.460000038146973,8.90999984741211,9.25,2800,0,0
2021-04-06,9.140000343322754,9.369999885559082,8.5600004196167,8.760000228881836,9700,0,0
2021-04-07,9.0,9.420000076293945,8.550000190734863,9.020000457763672,9200,0,0
2021-04-08,9.100000381469727,9.350000381469727,8.550000190734863,8.710000038146973,7000,0,0
2021-04-09,9.34000015258789,9.34000015258789,8.8100004196167,9.170000076293945,5200,0,0
2021-04-12,8.829999923706055,8.850000381469727,8.239999771118164,8.25,5500,0,0
2021-04-13,8.329999923706055,8.430000305175781,8.149999618530273,8.430000305175781,700,0,0
2021-04-14,8.199999809265137,8.369999885559082,8.199999809265137,8.369999885559082,4700,0,0
2021-04-15,8.300000190734863,8.3100004196167,8.0600004196167,8.140000343322754,2300,0,0
2021-04-16,8.100000381469727,8.100000381469727,7.75,7.889999866485596,6300,0,0
2021-04-19,7.800000190734863,7.940000057220459,7.800000190734863,7.940000057220459,1600,0,0
2021-04-20,7.940000057220459,8.050000190734863,7.869999885559082,7.929999828338623,3000,0,0
2021-04-21,7.949999809265137,8.0,7.849999904632568,8.0,2000,0,0
2021-04-22,7.880000114440918,8.069999694824219,7.880000114440918,8.069999694824219,300,0,0
2021-04-23,8.100000381469727,8.100000381469727,8.100000381469727,8.100000381469727,200,0,0
2021-04-26,7.900000095367432,7.900000095367432,7.900000095367432,7.900000095367432,2000,0,0
2021-04-27,8.079999923706055,8.079999923706055,7.820000171661377,7.949999809265137,6800,0,0
2021-04-28,8.119999885559082,8.649999618530273,8.0,8.4399995803833,15800,0,0
2021-04-29,8.399999618530273,8.619999885559082,8.399999618530273,8.619999885559082,1000,0,0
2021-04-30,8.699999809265137,9.34000015258789,8.699999809265137,9.34000015258789,11200,0,0
2021-05-03,8.680000305175781,9.130000114440918,8.680000305175781,8.699999809265137,11200,0,0
2021-05-04,8.720000267028809,9.149999618530273,8.529999732971191,8.529999732971191,16900,0,0
2021-05-05,8.460000038146973,8.460000038146973,8.460000038146973,8.460000038146973,300,0,0
2021-05-06,8.449999809265137,9.399999618530273,8.449999809265137,9.399999618530273,14100,0,0
2021-05-07,9.5600004196167,9.5600004196167,8.65999984741211,9.0,11600,0,0
2021-05-10,8.520000457763672,8.699999809265137,8.300000190734863,8.449999809265137,9500,0,0
2021-05-11,8.449999809265137,8.460000038146973,8.449999809265137,8.460000038146973,2000,0,0
2021-05-12,8.520000457763672,8.520000457763672,8.460000038146973,8.460000038146973,400,0,0
2021-05-13,8.25,8.300000190734863,8.25,8.300000190734863,3300,0,0
2021-05-14,8.350000381469727,8.350000381469727,8.300000190734863,8.300000190734863,3000,0,0
2021-05-17,8.3100004196167,8.319999694824219,8.0,8.319999694824219,12100,0,0
2021-05-18,8.109999656677246,8.300000190734863,8.010000228881836,8.300000190734863,6500,0,0
2021-05-19,8.300000190734863,8.399999618530273,8.300000190734863,8.300000190734863,4000,0,0
2021-05-20,8.720000267028809,9.109999656677246,8.720000267028809,8.720000267028809,1500,0,0
2021-05-21,9.0600004196167,9.069999694824219,8.869999885559082,8.869999885559082,6200,0,0
2021-05-24,8.869999885559082,8.869999885559082,8.5600004196167,8.699999809265137,5300,0,0
2021-05-25,8.699999809265137,8.979999542236328,8.569999694824219,8.59000015258789,5000,0,0
2021-05-26,8.520000457763672,8.520000457763672,8.0,8.0,43100,0,0
2021-05-27,8.010000228881836,8.460000038146973,8.010000228881836,8.069999694824219,1000,0,0
2021-05-28,8.020000457763672,8.1899995803833,8.020000457763672,8.109999656677246,1800,0,0
2021-06-01,8.289999961853027,8.420000076293945,8.050000190734863,8.399999618530273,5900,0,0
2021-06-02,8.300000190734863,8.300000190734863,8.220000267028809,8.220000267028809,1200,0,0
2021-06-03,8.199999809265137,8.479999542236328,8.0600004196167,8.479999542236328,16200,0,0
2021-06-04,8.399999618530273,8.399999618530273,8.149999618530273,8.260000228881836,5100,0,0
2021-06-07,8.880000114440918,8.880000114440918,8.399999618530273,8.399999618530273,5300,0,0
2021-06-08,8.5,8.899999618530273,8.5,8.770000457763672,15000,0,0
2021-06-09,8.930000305175781,9.890000343322754,8.800000190734863,9.350000381469727,23700,0,0
2021-06-10,8.970000267028809,9.369999885559082,8.800000190734863,9.220000267028809,12200,0,0
2021-06-11,9.020000457763672,9.800000190734863,9.0,9.3100004196167,8600,0,0
2021-06-14,9.59000015258789,9.59000015258789,9.59000015258789,9.59000015258789,1800,0,0
2021-06-15,9.59000015258789,9.59000015258789,9.300000190734863,9.300000190734863,700,0,0
2021-06-16,9.130000114440918,9.289999961853027,8.520000457763672,9.09000015258789,36100,0,0
2021-06-17,9.4399995803833,9.510000228881836,9.1899995803833,9.449999809265137,6400,0,0
2021-06-18,9.579999923706055,10.760000228881836,9.0600004196167,9.289999961853027,42200,0,0
2021-06-21,9.09000015258789,9.100000381469727,8.850000381469727,8.970000267028809,3400,0,0
2021-06-22,9.390000343322754,9.390000343322754,9.390000343322754,9.390000343322754,600,0,0
2021-06-23,9.119999885559082,9.119999885559082,8.899999618530273,8.9399995803833,2100,0,0
2021-06-24,9.050000190734863,9.8100004196167,8.75,9.260000228881836,37400,0,0
2021-06-25,9.430000305175781,9.430000305175781,9.430000305175781,9.430000305175781,300,0,0
2021-06-28,9.489999771118164,9.600000381469727,9.489999771118164,9.59000015258789,1000,0,0
2021-06-29,9.279999732971191,10.6899995803833,8.899999618530273,9.979999542236328,59000,0,0
2021-06-30,9.15999984741211,10.020000457763672,8.529999732971191,9.600000381469727,7300,0,0
2021-07-01,9.949999809265137,9.960000038146973,9.739999771118164,9.739999771118164,3900,0,0
2021-07-02,10.0,10.930000305175781,9.720000267028809,9.789999961853027,33400,0,0
2021-07-06,9.600000381469727,12.489999771118164,8.90999984741211,10.140000343322754,107200,0,0
2021-07-07,9.75,11.850000381469727,9.75,10.100000381469727,10600,0,0
2021-07-08,9.949999809265137,12.0,9.899999618530273,10.899999618530273,81700,0,0
2021-07-09,12.899999618530273,12.989999771118164,10.319999694824219,11.800000190734863,145000,0,0
2021-07-12,11.630000114440918,12.25,10.600000381469727,10.699999809265137,99800,0,0
2021-07-13,10.770000457763672,11.34000015258789,10.050000190734863,10.289999961853027,42200,0,0
2021-07-14,10.1899995803833,10.8100004196167,9.6899995803833,9.979999542236328,16800,0,0
2021-07-15,9.84000015258789,10.720000267028809,9.609999656677246,9.970000267028809,14800,0,0
2021-07-16,9.649999618530273,11.579999923706055,9.529999732971191,10.75,9100,0,0
2021-07-19,10.789999961853027,10.789999961853027,9.850000381469727,10.609999656677246,6200,0,0
2021-07-20,10.029999732971191,10.430000305175781,10.029999732971191,10.220000267028809,11600,0,0
2021-07-21,10.40999984741211,10.569999694824219,10.119999885559082,10.119999885559082,3900,0,0
2021-07-22,10.0600004196167,10.699999809265137,10.0600004196167,10.100000381469727,10100,0,0
2021-07-23,10.09000015258789,10.59000015258789,10.09000015258789,10.300000190734863,2200,0,0
2021-07-26,10.300000190734863,10.899999618530273,10.210000038146973,10.529999732971191,40300,0,0
2021-07-27,10.140000343322754,10.470000267028809,9.699999809265137,10.3100004196167,18300,0,0
2021-07-28,10.0,10.430000305175781,9.899999618530273,10.329999923706055,5900,0,0
2021-07-29,10.850000381469727,10.850000381469727,9.9399995803833,10.020000457763672,7000,0,0
2021-07-30,10.050000190734863,10.34000015258789,9.170000076293945,9.300000190734863,8600,0,0
2021-08-02,9.300000190734863,9.890000343322754,9.300000190734863,9.609999656677246,5900,0,0
2021-08-03,9.239999771118164,9.25,8.529999732971191,8.869999885559082,22600,0,0
2021-08-04,8.960000038146973,9.010000228881836,8.289999961853027,8.800000190734863,17300,0,0
2021-08-05,8.649999618530273,8.989999771118164,8.380000114440918,8.789999961853027,8300,0,0
2021-08-06,8.800000190734863,8.800000190734863,8.4399995803833,8.609999656677246,6700,0,0
2021-08-09,8.470000267028809,9.069999694824219,8.399999618530273,8.600000381469727,10800,0,0
2021-08-10,8.399999618530273,8.630000114440918,8.020000457763672,8.300000190734863,14300,0,0
2021-08-11,8.180000305175781,8.5,8.180000305175781,8.5,3900,0,0
2021-08-12,8.350000381469727,8.789999961853027,8.350000381469727,8.770000457763672,1900,0,0
2021-08-13,8.699999809265137,9.0600004196167,8.3100004196167,8.3100004196167,17700,0,0
2021-08-16,8.279999732971191,8.739999771118164,8.029999732971191,8.739999771118164,20100,0,0
2021-08-17,8.050000190734863,8.630000114440918,8.050000190734863,8.359999656677246,3300,0,0
2021-08-18,8.6899995803833,8.6899995803833,8.6899995803833,8.6899995803833,1300,0,0
2021-08-19,8.539999961853027,8.760000228881836,8.0,8.760000228881836,4300,0,0
2021-08-20,8.619999885559082,8.9399995803833,8.460000038146973,8.460000038146973,2200,0,0
2021-08-23,8.779999732971191,9.399999618530273,8.779999732971191,8.880000114440918,23500,0,0
2021-08-24,9.020000457763672,9.0600004196167,8.800000190734863,9.050000190734863,2700,0,0
2021-08-25,8.100000381469727,9.319999694824219,8.100000381469727,9.239999771118164,6000,0,0
2021-08-26,8.970000267028809,12.220000267028809,8.800000190734863,11.0,407700,0,0
2021-08-27,11.279999732971191,13.9399995803833,10.59000015258789,11.0,256800,0,0
2021-08-30,11.100000381469727,11.65999984741211,9.9399995803833,10.770000457763672,33300,0,0
2021-08-31,10.770000457763672,10.770000457763672,9.5600004196167,9.979999542236328,26700,0,0
2021-09-01,9.979999542236328,12.0,9.600000381469727,11.020000457763672,76900,0,0
2021-09-02,11.239999771118164,16.799999237060547,10.5600004196167,13.09000015258789,3953700,0,0
2021-09-03,11.670000076293945,12.270000457763672,10.529999732971191,11.130000114440918,149200,0,0
2021-09-07,10.670000076293945,11.220000267028809,10.539999961853027,10.619999885559082,28800,0,0
2021-09-08,10.65999984741211,11.850000381469727,10.5,11.079999923706055,85100,0,0
2021-09-09,11.199999809265137,13.119999885559082,11.0,11.609999656677246,328600,0,0
2021-09-10,11.399999618530273,11.640000343322754,10.600000381469727,10.800000190734863,54500,0,0
2021-09-13,10.850000381469727,11.1899995803833,10.539999961853027,10.619999885559082,14100,0,0
2021-09-14,10.609999656677246,11.239999771118164,10.529999732971191,11.010000228881836,31300,0,0
2021-09-15,11.109999656677246,11.319999694824219,10.880000114440918,11.079999923706055,23400,0,0
2021-09-16,11.3100004196167,11.880000114440918,11.020000457763672,11.789999961853027,82400,0,0
2021-09-17,11.779999732971191,12.25,11.279999732971191,11.75,28100,0,0
2021-09-20,11.59000015258789,11.59000015258789,10.5,10.670000076293945,45900,0,0
2021-09-21,10.819999694824219,11.149999618530273,10.5,10.510000228881836,38400,0,0
2021-09-22,10.600000381469727,11.0600004196167,10.079999923706055,10.140000343322754,23000,0,0
2021-09-23,10.180000305175781,10.579999923706055,10.109999656677246,10.359999656677246,31300,0,0
2021-09-24,10.329999923706055,10.550000190734863,10.1899995803833,10.520000457763672,3900,0,0
2021-09-27,10.470000267028809,11.100000381469727,10.3100004196167,10.510000228881836,49700,0,0
2021-09-28,10.460000038146973,10.609999656677246,9.90999984741211,9.930000305175781,16900,0,0
2021-09-29,9.989999771118164,10.210000038146973,8.989999771118164,9.239999771118164,39100,0,0
2021-09-30,9.100000381469727,9.90999984741211,9.010000228881836,9.649999618530273,5900,0,0
2021-10-01,9.779999732971191,10.119999885559082,9.779999732971191,10.109999656677246,7600,0,0
2021-10-04,10.020000457763672,10.130000114440918,9.3100004196167,9.949999809265137,8700,0,0
2021-10-05,10.140000343322754,10.34000015258789,9.5600004196167,10.34000015258789,1000,0,0
2021-10-06,10.34000015258789,10.34000015258789,10.34000015258789,10.34000015258789,0,0,0
2021-10-07,9.949999809265137,10.149999618530273,9.5600004196167,9.789999961853027,4000,0,0
2021-10-08,9.489999771118164,9.75,9.079999923706055,9.75,26200,0,0
2021-10-11,9.75,9.789999961853027,9.0,9.25,16500,0,0
2021-10-12,9.90999984741211,9.90999984741211,9.130000114440918,9.15999984741211,2200,0,0
2021-10-13,9.229999542236328,9.489999771118164,9.1899995803833,9.1899995803833,315700,0,0
2021-10-14,11.180000305175781,12.09000015258789,9.399999618530273,10.279999732971191,3260600,0,0
2021-10-15,9.75,10.1899995803833,9.539999961853027,10.020000457763672,210000,0,0
2021-10-18,9.350000381469727,10.75,9.0600004196167,10.75,131600,0,0
2021-10-19,10.739999771118164,10.739999771118164,9.84000015258789,10.0,24900,0,0
2021-10-20,9.869999885559082,9.880000114440918,9.510000228881836,9.850000381469727,21000,0,0
2021-10-21,9.6899995803833,9.899999618530273,9.510000228881836,9.600000381469727,32200,0,0
2021-10-22,9.449999809265137,9.569999694824219,9.149999618530273,9.300000190734863,20700,0,0
2021-10-25,9.1899995803833,10.109999656677246,8.789999961853027,9.220000267028809,50800,0,0
2021-10-26,9.300000190734863,9.300000190734863,8.680000305175781,8.9399995803833,45200,0,0
2021-10-27,9.0,9.229999542236328,8.6899995803833,8.9399995803833,10700,0,0
2021-10-28,9.0600004196167,9.300000190734863,8.529999732971191,8.989999771118164,36500,0,0
2021-10-29,9.539999961853027,11.0,9.470000267028809,10.5600004196167,213400,0,0
2021-11-01,10.569999694824219,10.850000381469727,9.829999923706055,9.949999809265137,37000,0,0
2021-11-02,9.989999771118164,10.180000305175781,9.720000267028809,9.75,11800,0,0
2021-11-03,9.880000114440918,10.350000381469727,9.850000381469727,10.119999885559082,6700,0,0
2021-11-04,10.100000381469727,10.710000038146973,9.850000381469727,9.850000381469727,17400,0,0
2021-11-05,9.970000267028809,11.140000343322754,9.670000076293945,10.449999809265137,134400,0,0
2021-11-08,10.5600004196167,10.729999542236328,9.930000305175781,10.430000305175781,24100,0,0
2021-11-09,10.5,10.670000076293945,9.949999809265137,10.479999542236328,5900,0,0
2021-11-10,10.40999984741211,10.510000228881836,9.75,9.869999885559082,12900,0,0
2021-11-11,9.880000114440918,10.09000015258789,9.630000114440918,9.920000076293945,6500,0,0
2021-11-12,10.050000190734863,10.449999809265137,9.920000076293945,10.079999923706055,5900,0,0
2021-11-15,10.270000457763672,10.529999732971191,10.100000381469727,10.220000267028809,8100,0,0
2021-11-16,10.210000038146973,10.210000038146973,9.699999809265137,9.819999694824219,3000,0,0
2021-11-17,9.970000267028809,10.539999961853027,9.970000267028809,10.029999732971191,4500,0,0
2021-11-18,10.15999984741211,10.34000015258789,9.829999923706055,10.09000015258789,7400,0,0
2021-11-19,10.09000015258789,10.09000015258789,9.319999694824219,9.430000305175781,11100,0,0
2021-11-22,9.640000343322754,9.6899995803833,9.0,9.100000381469727,8000,0,0
2021-11-23,9.09000015258789,9.279999732971191,8.789999961853027,9.270000457763672,4900,0,0
2021-11-24,9.010000228881836,9.270000457763672,9.0,9.1899995803833,1600,0,0
2021-11-26,9.130000114440918,9.279999732971191,8.8100004196167,9.220000267028809,2800,0,0
2021-11-29,9.210000038146973,9.210000038146973,8.380000114440918,8.75,10400,0,0
2021-11-30,8.609999656677246,8.75,8.609999656677246,8.6899995803833,2100,0,0
2021-12-01,8.630000114440918,8.779999732971191,8.619999885559082,8.619999885559082,1600,0,0
2021-12-02,8.680000305175781,8.680000305175781,8.050000190734863,8.390000343322754,6700,0,0
2021-12-03,8.180000305175781,8.390000343322754,8.020000457763672,8.020000457763672,3900,0,0
2021-12-06,8.180000305175781,8.3100004196167,7.800000190734863,8.3100004196167,8100,0,0
2021-12-07,8.029999732971191,8.329999923706055,8.029999732971191,8.149999618530273,9300,0,0
2021-12-08,8.260000228881836,8.770000457763672,7.929999828338623,8.680000305175781,28000,0,0
2021-12-09,8.720000267028809,8.880000114440918,8.289999961853027,8.680000305175781,21000,0,0
2021-12-10,8.40999984741211,8.6899995803833,8.380000114440918,8.529999732971191,3700,0,0
2021-12-13,8.819999694824219,8.829999923706055,8.569999694824219,8.649999618530273,6000,0,0
2021-12-14,8.510000228881836,8.729999542236328,8.050000190734863,8.380000114440918,8900,0,0
2021-12-15,8.369999885559082,8.5,8.050000190734863,8.420000076293945,6100,0,0
2021-12-16,8.369999885559082,8.4399995803833,7.929999828338623,8.109999656677246,14000,0,0
2021-12-17,8.0600004196167,8.399999618530273,7.980000019073486,8.399999618530273,7900,0,0
2021-12-20,8.289999961853027,8.289999961853027,7.710000038146973,8.039999961853027,29800,0,0
2021-12-21,7.900000095367432,8.630000114440918,7.900000095367432,8.279999732971191,30100,0,0
2021-12-22,8.59000015258789,8.739999771118164,8.199999809265137,8.739999771118164,11800,0,0
2021-12-23,8.75,9.140000343322754,8.550000190734863,8.84000015258789,19100,0,0
2021-12-27,9.020000457763672,9.279999732971191,8.319999694824219,8.390000343322754,20000,0,0
2021-12-28,8.380000114440918,8.6899995803833,8.350000381469727,8.350000381469727,3100,0,0
2021-12-29,8.380000114440918,8.75,8.380000114440918,8.739999771118164,7200,0,0
2021-12-30,8.59000015258789,9.069999694824219,8.59000015258789,9.069999694824219,3500,0,0
2021-12-31,8.720000267028809,9.100000381469727,8.460000038146973,9.100000381469727,5000,0,0
2022-01-03,9.0,9.100000381469727,8.649999618530273,9.100000381469727,2600,0,0
2022-01-04,8.920000076293945,8.960000038146973,8.619999885559082,8.619999885559082,1300,0,0
2022-01-05,8.710000038146973,9.100000381469727,8.710000038146973,8.930000305175781,4000,0,0
2022-01-06,8.829999923706055,8.829999923706055,8.829999923706055,8.829999923706055,400,0,0
2022-01-07,8.680000305175781,9.100000381469727,8.680000305175781,8.75,9800,0,0
2022-01-10,8.8100004196167,8.8100004196167,8.65999984741211,8.65999984741211,711400,0,0
2022-01-11,13.289999961853027,14.470000267028809,10.569999694824219,11.149999618530273,38777300,0,0
2022-01-12,10.4399995803833,12.270000457763672,10.420000076293945,11.039999961853027,3152200,0,0
2022-01-13,10.979999542236328,11.470000267028809,10.619999885559082,11.170000076293945,415800,0,0
2022-01-14,11.100000381469727,11.800000190734863,10.899999618530273,11.800000190734863,139500,0,0
2022-01-18,11.770000457763672,11.949999809265137,11.149999618530273,11.949999809265137,196100,0,0
2022-01-19,12.0,12.0,11.5,11.760000228881836,181000,0,0
2022-01-20,11.279999732971191,12.300000190734863,11.079999923706055,11.84000015258789,117600,0,0
2022-01-21,11.800000190734863,12.300000190734863,11.170000076293945,11.199999809265137,124900,0,0
2022-01-24,11.109999656677246,11.380000114440918,10.8100004196167,11.050000190734863,64200,0,0
2022-01-25,11.050000190734863,12.140000343322754,11.050000190734863,11.819999694824219,85900,0,0
2022-01-26,11.789999961853027,12.100000381469727,11.350000381469727,11.65999984741211,76800,0,0
2022-01-27,12.510000228881836,14.5,12.149999618530273,13.640000343322754,1049900,0,0
2022-01-28,14.239999771118164,14.359999656677246,12.699999809265137,14.359999656677246,396900,0,0
2022-01-31,15.0,15.279999732971191,13.65999984741211,14.279999732971191,302900,0,0
2022-02-01,14.300000190734863,14.300000190734863,12.520000457763672,12.899999618530273,201700,0,0
2022-02-02,11.84000015258789,12.300000190734863,11.109999656677246,11.970000267028809,195400,0,0
2022-02-03,11.289999961853027,12.239999771118164,11.289999961853027,11.739999771118164,39000,0,0
2022-02-04,11.630000114440918,12.720000267028809,11.4399995803833,12.3100004196167,76700,0,0
2022-02-07,12.010000228881836,12.380000114440918,11.529999732971191,11.899999618530273,26800,0,0
2022-02-08,11.779999732971191,12.600000381469727,11.779999732971191,11.8100004196167,56700,0,0
2022-02-09,11.6899995803833,12.770000457763672,11.65999984741211,12.300000190734863,71100,0,0
2022-02-10,12.010000228881836,12.010000228881836,11.609999656677246,11.699999809265137,26500,0,0
2022-02-11,11.529999732971191,11.569999694824219,10.029999732971191,10.100000381469727,98300,0,0
2022-02-14,10.010000228881836,10.369999885559082,9.960000038146973,9.960000038146973,18400,0,0
2022-02-15,9.970000267028809,10.65999984741211,9.970000267028809,10.539999961853027,20900,0,0
2022-02-16,10.529999732971191,10.529999732971191,9.529999732971191,10.229999542236328,34700,0,0
2022-02-17,10.029999732971191,10.25,9.989999771118164,10.109999656677246,5200,0,0
2022-02-18,10.069999694824219,10.25,9.8100004196167,9.9399995803833,18800,0,0
2022-02-22,9.619999885559082,9.899999618530273,9.600000381469727,9.75,11400,0,0
2022-02-23,9.75,9.75,9.010000228881836,9.289999961853027,32300,0,0
2022-02-24,9.069999694824219,9.300000190734863,8.949999809265137,9.199999809265137,20200,0,0
2022-02-25,9.25,9.699999809265137,9.199999809265137,9.630000114440918,6100,0,0
2022-02-28,9.510000228881836,9.630000114440918,9.479999542236328,9.489999771118164,7000,0,0
2022-03-01,9.350000381469727,9.479999542236328,9.25,9.329999923706055,6700,0,0
2022-03-02,9.369999885559082,9.479999542236328,9.359999656677246,9.4399995803833,4700,0,0
2022-03-03,9.390000343322754,9.479999542236328,9.350000381469727,9.350000381469727,2700,0,0
2022-03-04,9.25,9.25,9.149999618530273,9.1899995803833,4100,0,0
2022-03-07,9.130000114440918,9.170000076293945,8.979999542236328,9.010000228881836,7900,0,0
2022-03-08,8.899999618530273,9.149999618530273,8.5600004196167,9.149999618530273,14400,0,0
2022-03-09,9.270000457763672,9.319999694824219,8.829999923706055,9.180000305175781,8900,0,0
2022-03-10,9.180000305175781,9.319999694824219,9.180000305175781,9.289999961853027,1200,0,0
2022-03-11,9.319999694824219,9.319999694824219,9.319999694824219,9.319999694824219,600,0,0
2022-03-14,9.220000267028809,9.300000190734863,9.220000267028809,9.300000190734863,700,0,0
2022-03-15,9.039999961853027,9.170000076293945,9.039999961853027,9.100000381469727,700,0,0
2022-03-16,9.170000076293945,9.359999656677246,9.149999618530273,9.329999923706055,2400,0,0
2022-03-17,9.050000190734863,9.270000457763672,9.039999961853027,9.25,9100,0,0
2022-03-18,9.109999656677246,9.229999542236328,9.09000015258789,9.180000305175781,3000,0,0
2022-03-21,9.050000190734863,9.050000190734863,8.800000190734863,8.800000190734863,6700,0,0
2022-03-22,8.729999542236328,9.1899995803833,8.729999542236328,8.989999771118164,3700,0,0
2022-03-23,8.989999771118164,8.989999771118164,8.960000038146973,8.960000038146973,2400,0,0
2022-03-24,8.949999809265137,8.979999542236328,8.850000381469727,8.880000114440918,2100,0,0
2022-03-25,8.779999732971191,8.850000381469727,8.779999732971191,8.84000015258789,3400,0,0
2022-03-28,8.84000015258789,8.859999656677246,8.720000267028809,8.829999923706055,3300,0,0
2022-03-29,8.699999809265137,8.850000381469727,8.699999809265137,8.850000381469727,4400,0,0
2022-03-30,8.819999694824219,8.960000038146973,8.8100004196167,8.949999809265137,2500,0,0
2022-03-31,8.949999809265137,9.380000114440918,8.930000305175781,9.369999885559082,7700,0,0
2022-04-01,9.5,9.699999809265137,9.239999771118164,9.520000457763672,11200,0,0
2022-04-04,9.359999656677246,9.550000190734863,9.289999961853027,9.4399995803833,3900,0,0
2022-04-05,9.649999618530273,10.319999694824219,9.359999656677246,10.100000381469727,54100,0,0
2022-04-06,9.970000267028809,10.479999542236328,9.600000381469727,10.449999809265137,11000,0,0
2022-04-07,10.65999984741211,11.9399995803833,10.239999771118164,11.470000267028809,121900,0,0
2022-04-08,12.289999961853027,15.619999885559082,12.050000190734863,13.539999961853027,837200,0,0
2022-04-11,13.069999694824219,14.029999732971191,11.25,11.760000228881836,88000,0,0
2022-04-12,11.489999771118164,11.489999771118164,10.0600004196167,10.470000267028809,78900,0,0
2022-04-13,10.470000267028809,10.9399995803833,9.75,9.800000190734863,24800,0,0
2022-04-14,9.890000343322754,10.010000228881836,9.510000228881836,9.739999771118164,19000,0,0
2022-04-18,9.460000038146973,9.640000343322754,9.0,9.300000190734863,14000,0,0
2022-04-19,9.4399995803833,9.4399995803833,9.25,9.430000305175781,4600,0,0
2022-04-20,9.399999618530273,9.399999618530273,9.0,9.109999656677246,10100,0,0
2022-04-21,8.680000305175781,9.15999984741211,8.680000305175781,8.859999656677246,22300,0,0
2022-04-22,9.020000457763672,9.260000228881836,9.010000228881836,9.220000267028809,5400,0,0
2022-04-25,9.229999542236328,9.229999542236328,8.75,9.010000228881836,9300,0,0
2022-04-26,8.880000114440918,8.970000267028809,8.710000038146973,8.789999961853027,6100,0,0
2022-04-27,8.569999694824219,8.75,8.25,8.6899995803833,17500,0,0
2022-04-28,8.6899995803833,8.9399995803833,8.6899995803833,8.699999809265137,3900,0,0
2022-04-29,8.6899995803833,8.8100004196167,8.300000190734863,8.630000114440918,6500,0,0
2022-05-02,8.5,8.5,7.960000038146973,7.960000038146973,19100,0,0
2022-05-03,8.34000015258789,8.40999984741211,8.0,8.40999984741211,11100,0,0
2022-05-04,8.449999809265137,8.470000267028809,8.020000457763672,8.289999961853027,7100,0,0
2022-05-05,8.319999694824219,8.520000457763672,8.319999694824219,8.479999542236328,2800,0,0
2022-05-06,8.479999542236328,8.479999542236328,8.149999618530273,8.149999618530273,1500,0,0
2022-05-09,7.760000228881836,8.239999771118164,7.760000228881836,8.15999984741211,16500,0,0
2022-05-10,8.050000190734863,8.050000190734863,7.659999847412109,8.0,4400,0,0
2022-05-11,7.800000190734863,7.800000190734863,7.239999771118164,7.260000228881836,7400,0,0
2022-05-12,7.75,7.75,7.309999942779541,7.559999942779541,5000,0,0
2022-05-13,7.099999904632568,7.760000228881836,7.099999904632568,7.670000076293945,19100,0,0
2022-05-16,7.889999866485596,7.900000095367432,7.449999809265137,7.5,6300,0,0
2022-05-17,7.360000133514404,7.730000019073486,7.360000133514404,7.730000019073486,15700,0,0
2022-05-18,7.789999961853027,7.789999961853027,7.449999809265137,7.739999771118164,1600,0,0
2022-05-19,7.5,7.510000228881836,6.880000114440918,7.179999828338623,19000,0,0
2022-05-20,7.179999828338623,7.590000152587891,7.179999828338623,7.389999866485596,7100,0,0
2022-05-23,7.070000171661377,7.550000190734863,7.010000228881836,7.320000171661377,5100,0,0
2022-05-24,7.300000190734863,7.329999923706055,7.059999942779541,7.329999923706055,1400,0,0
2022-05-25,7.239999771118164,7.480000019073486,7.199999809265137,7.329999923706055,17700,0,0
2022-05-26,7.269999980926514,7.480000019073486,7.269999980926514,7.46999979019165,2700,0,0
2022-05-27,7.170000076293945,7.489999771118164,7.170000076293945,7.360000133514404,1100,0,0
2022-05-31,7.460000038146973,7.75,7.460000038146973,7.489999771118164,5700,0,0
2022-06-01,7.460000038146973,7.460000038146973,7.429999828338623,7.429999828338623,500,0,0
2022-06-02,7.409999847412109,7.690000057220459,7.400000095367432,7.510000228881836,2900,0,0
2022-06-03,7.670000076293945,7.699999809265137,7.5,7.510000228881836,2000,0,0
2022-06-06,7.510000228881836,7.53000020980835,7.510000228881836,7.53000020980835,1300,0,0
2022-06-07,7.409999847412109,7.579999923706055,7.400000095367432,7.579999923706055,1900,0,0
2022-06-08,7.679999828338623,7.699999809265137,7.619999885559082,7.619999885559082,1800,0,0
2022-06-09,7.650000095367432,7.650000095367432,7.449999809265137,7.449999809265137,2200,0,0
2022-06-10,7.639999866485596,7.639999866485596,7.639999866485596,7.639999866485596,500,0,0
2022-06-13,7.489999771118164,7.489999771118164,7.349999904632568,7.480000019073486,3900,0,0
2022-06-14,7.210000038146973,7.599999904632568,7.210000038146973,7.260000228881836,1300,0,0
2022-06-15,7.590000152587891,7.599999904632568,7.449999809265137,7.449999809265137,800,0,0
2022-06-16,7.440000057220459,7.440000057220459,7.440000057220459,7.440000057220459,600,0,0
2022-06-17,7.429999828338623,7.429999828338623,7.210000038146973,7.25,8400,0,0
2022-06-21,7.300000190734863,7.5,7.059999942779541,7.349999904632568,14500,0,0
2022-06-22,7.150000095367432,7.460000038146973,7.150000095367432,7.460000038146973,700,0,0
2022-06-23,7.309999942779541,7.539999961853027,7.309999942779541,7.539999961853027,900,0,0
2022-06-24,7.25,7.630000114440918,7.25,7.489999771118164,1500,0,0
2022-06-27,7.75,7.920000076293945,7.550000190734863,7.75,6200,0,0
2022-06-28,7.75,7.75,7.75,7.75,0,0,0
2022-06-29,7.380000114440918,7.559999942779541,7.25,7.559999942779541,4200,0,0
2022-06-30,7.559999942779541,7.559999942779541,7.300000190734863,7.449999809265137,1800,0,0
2022-07-01,7.429999828338623,7.46999979019165,7.159999847412109,7.460000038146973,6400,0,0
2022-07-05,7.460000038146973,7.460000038146973,7.460000038146973,7.460000038146973,600,0,0
2022-07-06,7.170000076293945,7.510000228881836,7.170000076293945,7.510000228881836,900,0,0
2022-07-07,7.380000114440918,7.519999980926514,7.380000114440918,7.519999980926514,700,0,0
2022-07-08,7.190000057220459,7.480000019073486,7.190000057220459,7.46999979019165,1900,0,0
2022-07-11,7.429999828338623,7.429999828338623,7.429999828338623,7.429999828338623,1200,0,0
2022-07-12,7.5,8.470000267028809,7.400000095367432,7.789999961853027,21200,0,0
2022-07-13,7.739999771118164,8.350000381469727,7.570000171661377,8.140000343322754,29600,0,0
2022-07-14,7.78000020980835,7.989999771118164,7.650000095367432,7.989999771118164,1500,0,0
2022-07-15,8.199999809265137,8.199999809265137,8.0,8.0,700,0,0
2022-07-18,8.210000038146973,8.930000305175781,7.989999771118164,7.989999771118164,17400,0,0
2022-07-19,8.0,8.100000381469727,7.900000095367432,7.900000095367432,3400,0,0
2022-07-20,7.860000133514404,7.949999809265137,7.46999979019165,7.650000095367432,5300,0,0
2022-07-21,7.659999847412109,7.840000152587891,7.380000114440918,7.840000152587891,4500,0,0
2022-07-22,7.690000057220459,8.699999809265137,7.690000057220459,8.1899995803833,5300,0,0
2022-07-25,8.369999885559082,8.979999542236328,8.180000305175781,8.75,24900,0,0
2022-07-26,8.350000381469727,8.739999771118164,8.3100004196167,8.739999771118164,1600,0,0
